timestamp,north_car,north_bike,north_truck,north_emg,south_car,south_bike,south_truck,south_emg,east_car,east_bike,east_truck,east_emg,west_car,west_bike,west_truck,west_emg
00:00,20,7,6,0,14,2,1,0,17,2,0,0,15,3,2,0
00:01,12,7,2,1,22,3,1,0,15,2,0,0,14,2,0,0
00:02,13,1,0,0,16,4,2,0,7,4,2,0,15,3,0,0
00:03,12,7,3,0,16,7,0,0,17,3,0,0,19,1,2,0
00:04,21,3,3,0,20,1,5,0,10,1,0,0,14,3,4,0
00:05,19,4,0,0,14,3,2,0,8,3,3,0,18,3,1,0
00:06,18,3,1,0,11,9,1,0,13,1,1,0,25,2,1,0
00:07,14,4,4,0,13,4,1,0,17,0,0,0,18,2,2,0
00:08,15,3,1,0,19,1,1,0,14,4,1,0,9,5,1,0
00:09,16,3,3,0,12,3,1,1,6,1,3,0,18,3,2,0
00:10,20,1,4,0,16,3,0,0,12,4,1,0,10,4,2,0
00:11,12,1,0,0,15,4,3,0,21,4,2,0,19,8,0,0
00:12,21,3,4,0,14,3,0,0,17,2,3,0,20,5,1,1
00:13,18,4,0,0,15,3,1,0,16,4,0,0,18,3,1,0
00:14,9,7,1,0,16,2,3,0,9,6,2,0,9,2,3,0
00:15,17,5,0,0,16,5,4,0,22,1,0,0,15,5,3,0
00:16,16,6,0,0,7,3,0,0,22,2,6,0,22,9,6,0
00:17,12,4,4,0,25,1,0,0,9,6,4,0,20,2,5,0
00:18,12,4,1,0,11,2,2,0,9,9,5,0,17,3,0,1
00:19,11,5,2,0,11,1,2,0,13,1,3,0,19,2,4,0
00:20,14,1,1,0,13,6,1,0,19,3,2,0,12,5,1,0
00:21,16,9,2,0,12,3,1,0,18,4,3,0,8,5,2,0
00:22,10,2,5,0,18,3,2,0,11,2,5,0,12,3,0,1
00:23,12,7,1,0,16,1,3,0,18,4,2,0,9,4,2,0
00:24,18,2,3,0,23,5,2,0,27,3,4,0,11,8,1,0
00:25,15,3,1,0,12,0,4,1,16,2,2,0,22,4,2,0
00:26,16,2,2,0,26,4,0,0,16,1,2,0,24,3,2,0
00:27,15,3,4,0,21,6,0,0,10,4,1,0,21,0,0,0
00:28,23,1,5,0,19,3,1,0,22,3,3,0,10,1,4,0
00:29,10,4,0,0,14,3,2,0,21,5,0,0,15,3,2,0
00:30,6,1,0,0,10,4,6,0,23,6,1,0,14,5,0,0
00:31,18,5,5,0,11,0,0,0,19,1,3,0,19,0,5,0
00:32,9,0,0,0,9,3,4,0,9,2,1,0,15,6,2,1
00:33,15,1,1,0,17,2,1,0,13,1,5,0,23,3,1,0
00:34,16,4,3,0,16,1,4,0,20,3,0,0,16,4,3,0
00:35,17,0,1,0,8,4,5,0,18,2,2,0,17,4,4,0
00:36,14,2,1,0,13,1,2,0,11,6,1,0,18,1,2,0
00:37,12,1,1,0,15,2,4,0,9,1,0,0,15,2,2,0
00:38,16,5,1,0,20,8,0,0,10,4,0,0,12,2,2,0
00:39,25,3,2,0,10,3,2,0,15,8,4,0,12,3,0,0
00:40,14,4,2,0,9,1,2,0,20,4,1,0,11,5,1,0
00:41,25,1,4,0,15,5,3,0,5,4,3,0,4,2,4,0
00:42,12,5,0,0,7,4,0,0,22,2,2,0,20,3,2,0
00:43,11,6,1,0,10,3,3,0,18,1,3,0,16,2,3,0
00:44,21,2,0,0,24,6,4,1,21,4,2,0,13,6,1,1
00:45,16,2,2,0,10,5,1,0,11,3,2,0,18,6,6,0
00:46,18,2,1,0,17,3,0,0,17,2,5,0,12,2,2,0
00:47,15,6,1,0,11,4,3,0,13,4,4,0,10,2,2,0
00:48,16,5,5,0,17,4,1,0,17,7,2,0,16,3,2,0
00:49,17,1,1,0,11,2,1,0,15,9,4,0,19,3,2,0
00:50,15,3,3,0,15,1,0,0,20,1,1,0,16,1,2,0
00:51,22,5,3,0,8,4,2,0,16,8,0,0,19,1,1,0
00:52,9,3,2,0,25,3,0,0,12,2,2,0,12,2,4,0
00:53,13,2,5,0,15,3,4,0,13,8,6,0,12,4,3,0
00:54,6,3,4,0,8,2,5,0,16,2,3,0,16,1,4,0
00:55,10,3,0,0,8,1,4,0,12,2,3,0,19,5,4,0
00:56,8,7,3,0,11,6,0,0,24,1,2,0,11,1,4,0
00:57,23,8,0,0,22,2,1,0,20,1,1,0,22,4,1,0
00:58,13,4,1,0,9,7,2,0,12,2,1,0,16,5,3,0
00:59,21,7,2,0,11,1,0,0,16,0,1,0,11,9,1,0
01:00,13,3,1,0,22,4,1,0,25,1,4,0,17,1,3,0
01:01,15,10,0,1,10,8,0,0,10,2,4,0,18,3,3,0
01:02,13,1,2,0,11,1,4,0,15,6,2,0,25,5,2,0
01:03,14,3,3,0,21,5,3,0,11,2,1,0,21,3,2,0
01:04,16,2,4,0,8,4,2,0,18,2,3,0,10,2,2,0
01:05,10,3,4,0,14,4,3,0,14,2,0,0,15,4,0,0
01:06,24,3,3,0,8,3,0,0,14,1,0,0,14,9,0,0
01:07,17,2,0,0,20,1,6,0,15,6,6,0,14,4,4,0
01:08,14,2,4,0,17,3,1,0,15,4,1,0,17,5,5,0
01:09,14,3,1,0,23,5,0,0,11,6,1,0,17,5,1,0
01:10,16,1,4,0,9,6,2,0,12,6,4,0,12,4,5,0
01:11,12,2,2,0,17,3,1,0,10,1,1,0,16,2,1,0
01:12,14,4,1,0,14,9,0,0,16,3,0,0,15,5,0,0
01:13,14,3,2,0,16,3,4,0,12,1,3,0,23,2,3,0
01:14,16,2,0,0,15,11,6,0,13,4,4,0,9,1,3,0
01:15,14,5,3,0,13,3,7,0,22,9,0,0,21,2,4,0
01:16,10,3,1,0,19,3,2,0,14,10,1,0,20,0,4,0
01:17,16,1,2,0,23,4,1,0,15,2,1,0,20,4,1,0
01:18,7,4,1,0,17,5,3,0,11,2,0,0,17,2,0,0
01:19,17,3,3,0,9,7,1,0,13,2,3,0,23,1,3,0
01:20,4,3,1,0,9,1,3,0,23,3,4,0,27,2,4,0
01:21,13,2,2,0,11,2,2,0,20,5,0,0,18,0,4,0
01:22,6,2,2,0,19,6,5,0,13,4,4,0,24,3,2,0
01:23,19,6,1,0,5,3,1,0,19,0,2,0,17,3,0,0
01:24,13,1,2,0,12,7,1,0,14,2,2,0,10,7,1,0
01:25,15,5,0,0,17,2,4,0,26,4,2,0,9,0,2,0
01:26,18,5,2,0,10,6,0,0,12,2,3,0,19,9,2,0
01:27,8,2,1,0,13,4,7,0,14,1,4,0,23,5,0,0
01:28,21,0,4,0,11,3,2,0,15,2,6,0,12,3,1,0
01:29,14,5,0,0,9,6,1,0,13,1,0,0,25,2,2,0
01:30,12,4,1,1,9,4,1,0,10,7,2,0,24,2,3,0
01:31,17,2,5,0,12,3,1,0,18,5,0,0,21,3,0,0
01:32,12,3,1,0,25,3,1,0,17,2,4,0,12,8,2,0
01:33,16,5,1,0,19,2,0,0,16,1,0,0,20,6,2,0
01:34,9,1,1,0,9,4,3,0,22,4,3,0,17,2,3,0
01:35,7,2,1,0,19,1,2,0,14,1,1,0,25,5,2,0
01:36,22,3,5,0,10,2,0,0,10,3,1,0,11,3,3,0
01:37,18,5,1,0,19,4,4,0,16,4,1,0,15,4,2,0
01:38,9,2,0,0,8,4,1,0,23,6,4,0,18,2,3,0
01:39,17,1,1,0,11,3,1,0,7,4,0,0,24,5,1,0
01:40,11,2,2,0,17,2,2,0,9,0,2,0,18,5,2,0
01:41,14,2,2,0,9,3,3,0,18,7,2,0,15,2,0,0
01:42,22,8,2,0,14,4,2,0,19,2,1,0,8,4,3,0
01:43,20,0,3,0,21,2,6,0,9,5,2,0,7,2,3,0
01:44,12,0,3,0,18,8,4,0,22,2,2,0,19,3,1,0
01:45,8,2,4,0,16,3,2,0,11,2,0,0,18,5,3,0
01:46,10,2,0,0,16,2,3,0,12,0,1,0,17,3,1,0
01:47,13,2,3,0,10,1,3,0,17,4,3,0,10,4,1,0
01:48,23,3,1,0,15,5,1,0,18,4,5,0,10,0,1,0
01:49,19,0,0,0,15,2,1,0,16,6,2,0,12,6,0,0
01:50,11,3,3,0,13,5,0,0,12,7,2,0,21,4,1,0
01:51,13,4,0,0,11,0,2,0,15,9,3,0,13,3,3,0
01:52,8,1,1,0,22,3,4,0,13,5,5,1,13,7,1,0
01:53,15,1,0,0,13,3,2,0,8,2,3,0,22,5,4,0
01:54,15,6,2,0,14,2,2,0,13,4,2,0,13,6,3,0
01:55,5,5,2,0,16,5,4,0,14,3,4,0,15,4,1,0
01:56,17,0,0,0,14,3,2,0,14,5,1,0,7,2,0,0
01:57,8,2,1,0,19,2,1,0,22,4,4,0,16,2,1,0
01:58,9,1,4,0,13,5,3,0,16,3,2,0,14,6,3,0
01:59,12,3,0,0,9,9,1,0,16,6,2,0,12,3,4,0
02:00,17,3,1,0,20,2,1,0,13,4,1,0,10,4,2,0
02:01,16,1,1,0,11,5,2,0,20,1,0,0,23,2,1,0
02:02,19,4,2,0,17,2,0,0,24,2,2,0,11,2,2,0
02:03,11,2,0,0,10,4,1,0,9,2,2,0,10,3,1,0
02:04,16,4,1,1,7,4,2,0,13,5,1,0,15,2,1,0
02:05,10,3,0,0,15,6,3,0,13,3,0,0,18,4,3,0
02:06,13,3,6,0,9,3,0,0,19,5,3,0,12,3,0,0
02:07,16,5,3,0,15,2,1,0,15,7,1,0,22,4,0,0
02:08,21,5,1,0,13,3,3,0,8,2,5,1,9,6,3,0
02:09,12,3,0,0,21,2,7,0,17,5,3,0,11,3,1,0
02:10,14,3,1,0,14,1,1,0,20,1,1,0,20,1,0,0
02:11,22,4,1,0,20,2,2,0,21,4,1,0,17,5,5,0
02:12,27,1,0,0,10,9,1,0,15,3,2,0,20,5,3,0
02:13,8,4,1,0,13,5,3,0,13,3,0,0,18,1,6,0
02:14,10,4,4,0,9,3,3,0,19,5,2,0,9,2,2,0
02:15,9,4,5,0,5,3,3,0,12,2,3,0,25,4,1,0
02:16,22,3,1,0,13,3,2,0,32,7,0,0,11,3,4,0
02:17,11,7,4,0,16,4,1,0,20,3,3,0,20,1,1,0
02:18,11,1,2,0,17,5,0,0,17,4,1,0,12,4,3,0
02:19,14,4,2,0,13,4,1,0,14,4,3,0,13,4,4,0
02:20,15,5,2,0,12,6,4,0,19,4,0,0,29,4,1,0
02:21,17,0,0,0,18,7,4,0,18,6,1,0,24,1,4,0
02:22,13,4,0,0,14,3,5,0,22,1,3,0,11,5,4,0
02:23,16,4,3,0,11,3,0,0,15,4,2,0,13,4,2,0
02:24,16,5,1,0,15,5,1,0,23,1,4,0,17,3,2,0
02:25,21,3,0,0,9,4,2,0,15,5,2,0,12,3,3,0
02:26,7,3,2,0,14,5,3,0,8,3,1,0,8,3,0,0
02:27,20,4,3,0,14,7,4,0,17,0,3,0,15,0,1,0
02:28,11,5,2,0,12,5,0,0,18,4,2,0,17,4,3,0
02:29,15,4,1,0,22,0,0,0,12,0,5,0,19,2,2,0
02:30,9,2,3,0,15,4,1,0,19,4,4,0,6,4,1,0
02:31,17,0,2,0,8,1,2,0,11,4,2,0,14,3,1,0
02:32,11,2,4,0,18,3,0,0,7,3,0,0,10,4,2,0
02:33,8,2,1,0,18,2,3,0,18,4,4,0,17,5,3,0
02:34,20,3,3,0,20,4,5,0,13,4,2,0,16,3,2,0
02:35,25,1,2,0,14,4,1,0,22,2,2,0,14,2,5,0
02:36,20,5,2,0,8,1,3,0,27,1,4,0,15,4,3,0
02:37,13,8,2,0,11,3,2,0,17,4,1,0,16,2,1,0
02:38,10,8,4,0,12,6,5,0,18,0,3,0,19,4,1,1
02:39,7,1,2,0,11,2,1,0,18,4,2,0,24,4,3,0
02:40,16,4,3,0,17,0,2,0,19,4,2,0,9,7,4,0
02:41,27,4,0,0,9,1,1,0,17,3,0,0,13,6,1,0
02:42,13,0,0,0,11,7,1,0,25,8,3,0,20,6,5,0
02:43,14,4,2,0,12,3,1,0,10,3,4,0,10,2,3,0
02:44,20,2,1,1,17,3,1,0,10,6,0,0,16,4,3,0
02:45,21,5,2,0,17,6,3,0,12,3,0,0,10,4,2,0
02:46,24,0,2,0,10,5,2,0,11,4,1,0,9,2,2,0
02:47,14,3,0,0,18,1,2,0,22,6,2,0,21,8,4,0
02:48,11,6,2,0,20,5,3,0,13,0,1,0,15,2,1,0
02:49,9,1,2,0,11,7,1,0,19,6,4,0,14,2,3,0
02:50,6,1,1,0,14,2,1,0,18,5,1,0,10,3,0,0
02:51,17,6,1,0,14,1,3,0,32,4,6,0,18,4,0,0
02:52,9,0,2,0,10,4,3,0,22,4,1,0,18,5,2,0
02:53,11,6,1,0,19,5,3,0,16,4,2,0,13,3,0,0
02:54,19,1,4,0,13,0,2,0,11,5,0,0,30,2,1,0
02:55,6,3,3,0,18,3,2,0,24,4,0,0,12,3,6,0
02:56,14,1,2,0,14,1,2,0,11,3,2,0,11,4,0,0
02:57,17,5,3,0,12,2,2,0,17,3,1,0,14,8,2,0
02:58,13,2,0,0,19,2,4,0,8,3,7,0,24,5,3,0
02:59,9,2,0,0,19,2,3,0,16,2,5,0,20,2,1,0
03:00,15,5,2,0,10,7,1,0,9,3,0,0,17,0,2,0
03:01,18,3,0,0,8,2,2,0,20,2,2,0,8,2,1,0
03:02,10,4,1,0,13,3,1,0,24,2,3,0,23,3,4,0
03:03,22,1,2,0,15,3,4,0,14,8,2,0,19,4,4,0
03:04,18,4,3,0,15,8,5,0,20,5,1,0,10,3,2,0
03:05,11,6,2,0,19,2,2,0,10,3,1,0,26,2,2,0
03:06,21,3,0,0,22,2,1,0,15,7,1,0,16,3,2,0
03:07,17,5,1,0,15,5,6,0,15,5,3,0,16,2,5,0
03:08,12,3,0,0,7,4,3,0,3,4,1,0,18,4,4,0
03:09,8,2,2,0,15,3,1,0,17,4,2,0,15,1,1,0
03:10,12,6,0,0,13,3,0,0,23,4,2,0,19,5,0,0
03:11,13,6,1,0,14,1,2,0,16,5,2,0,14,5,1,0
03:12,17,1,7,0,21,4,1,0,14,4,2,0,8,7,4,0
03:13,19,5,3,0,16,5,3,0,15,2,0,0,23,6,2,0
03:14,20,5,3,0,21,2,1,0,11,1,0,0,11,6,1,0
03:15,16,2,3,0,12,5,1,0,15,2,1,0,20,4,1,0
03:16,12,6,0,0,11,4,2,0,18,0,8,0,19,3,2,0
03:17,11,1,4,0,11,3,1,0,22,2,2,0,18,3,3,0
03:18,14,2,1,0,26,6,1,0,11,4,0,0,12,4,2,0
03:19,16,3,1,0,15,4,2,0,19,6,2,0,9,2,1,0
03:20,14,3,1,0,12,9,0,0,8,1,2,0,11,1,5,0
03:21,21,2,3,0,19,5,2,0,13,4,3,0,11,1,2,0
03:22,19,1,1,0,16,2,3,0,20,4,3,0,20,2,4,0
03:23,18,4,4,0,14,2,3,0,27,4,6,0,14,2,3,0
03:24,10,2,2,0,15,3,2,0,19,3,6,0,11,6,2,0
03:25,15,3,5,0,17,4,2,0,10,1,2,0,19,4,0,0
03:26,13,3,2,0,4,3,6,0,13,4,1,0,18,4,2,0
03:27,18,5,1,0,15,4,2,0,12,1,2,0,23,4,0,0
03:28,5,3,4,0,17,4,1,0,11,3,3,0,12,5,1,0
03:29,22,5,1,0,13,2,2,0,22,3,0,0,15,2,0,0
03:30,13,7,4,0,9,4,2,0,15,2,1,0,15,3,1,0
03:31,19,10,7,0,17,5,5,0,15,5,2,0,25,5,1,0
03:32,26,4,0,0,16,4,5,0,17,7,2,0,10,3,2,0
03:33,8,2,2,0,10,5,1,0,20,4,2,0,15,5,1,0
03:34,16,4,1,0,21,2,1,0,12,0,3,0,14,5,1,0
03:35,29,0,0,0,22,5,0,0,13,3,6,0,21,3,1,0
03:36,9,3,2,0,14,3,4,0,7,0,0,0,19,8,0,0
03:37,19,1,2,0,14,2,3,0,16,6,3,0,17,2,3,1
03:38,16,9,1,0,11,6,3,0,18,13,2,0,16,3,2,0
03:39,9,6,2,0,20,6,0,0,17,7,4,0,24,8,1,0
03:40,20,5,4,0,17,3,1,0,9,8,1,0,23,2,2,0
03:41,16,9,3,0,14,1,1,0,18,4,0,0,15,9,2,0
03:42,23,6,4,0,16,3,2,0,16,1,2,0,16,3,1,0
03:43,20,2,1,0,13,5,1,0,16,3,1,0,28,1,2,0
03:44,7,3,1,0,19,4,2,0,22,3,5,0,8,4,2,0
03:45,18,2,1,0,23,7,0,0,25,6,3,0,26,2,5,0
03:46,18,5,4,0,18,2,3,0,13,1,1,0,16,4,3,0
03:47,22,2,1,0,30,4,0,0,9,1,1,0,25,3,0,1
03:48,19,5,2,0,10,6,4,0,10,1,2,0,18,1,0,0
03:49,20,6,0,0,19,6,1,0,8,1,1,0,23,5,3,0
03:50,11,3,6,0,18,7,1,0,11,4,0,0,17,5,0,0
03:51,17,4,0,0,7,1,5,0,23,5,1,0,18,2,1,0
03:52,16,3,2,0,20,4,3,0,12,5,2,0,18,0,0,0
03:53,19,6,1,0,13,2,0,0,16,1,2,0,13,3,0,0
03:54,10,4,2,0,14,7,2,0,18,1,6,0,7,2,1,0
03:55,10,2,1,0,16,2,3,0,13,2,2,0,23,6,6,0
03:56,23,4,1,0,25,5,2,0,11,1,3,0,9,7,6,0
03:57,10,4,2,0,12,6,3,0,9,4,0,0,22,3,4,0
03:58,14,3,2,0,18,4,2,0,10,4,1,0,14,1,1,0
03:59,18,6,7,0,10,2,0,0,18,5,2,0,12,4,0,0
04:00,16,3,1,0,7,2,2,0,15,2,1,0,17,3,3,0
04:01,16,4,2,0,17,7,0,0,7,5,2,0,21,5,2,0
04:02,21,3,1,0,14,5,6,0,17,2,2,0,24,1,3,0
04:03,8,0,2,0,13,5,3,0,17,5,4,0,21,2,2,0
04:04,13,8,1,0,15,2,4,0,13,3,5,0,12,5,0,0
04:05,12,2,3,0,11,1,1,0,13,6,1,0,17,2,1,0
04:06,12,2,1,0,14,4,3,0,14,4,1,0,18,6,1,0
04:07,13,3,1,0,25,4,0,0,20,5,4,0,14,2,2,0
04:08,11,2,2,0,20,0,1,0,22,4,2,0,6,3,2,0
04:09,10,1,3,0,29,1,0,0,13,2,1,0,18,2,2,0
04:10,12,3,2,0,12,6,3,0,10,0,2,0,3,7,4,0
04:11,24,5,3,0,22,2,2,0,19,3,0,0,9,8,2,0
04:12,23,4,3,0,18,3,2,0,12,1,2,0,12,0,5,0
04:13,14,5,1,0,25,2,3,0,21,7,3,0,21,3,6,0
04:14,12,5,0,0,13,0,1,0,17,6,4,0,5,2,1,0
04:15,17,1,0,0,13,8,1,0,17,3,3,0,20,1,2,0
04:16,16,6,4,0,10,2,3,0,17,6,2,0,11,4,2,0
04:17,18,4,2,0,8,4,1,0,16,5,3,0,24,3,1,0
04:18,29,0,1,0,12,2,1,0,12,6,1,0,7,3,2,0
04:19,24,4,0,0,12,2,1,0,11,0,1,0,9,3,2,0
04:20,13,2,1,1,17,2,1,0,16,3,4,0,21,4,5,0
04:21,14,2,2,0,28,2,0,0,10,3,1,0,17,4,0,0
04:22,10,3,2,0,9,1,3,0,22,7,3,0,15,7,1,0
04:23,13,6,0,0,10,2,6,0,10,9,3,0,19,2,2,0
04:24,16,8,2,0,13,5,2,0,10,3,3,0,9,2,3,0
04:25,7,4,3,0,11,3,2,0,18,2,2,0,14,2,2,0
04:26,16,3,1,0,22,1,0,1,29,3,2,0,17,6,2,0
04:27,18,1,2,0,18,4,2,0,11,6,3,0,10,5,2,0
04:28,7,4,0,0,7,2,1,0,4,3,0,0,25,3,4,0
04:29,18,4,0,0,14,1,1,0,6,4,1,0,13,2,0,0
04:30,16,3,4,0,16,1,2,0,10,6,1,0,12,1,0,0
04:31,16,3,3,0,21,3,2,0,10,3,3,0,11,2,0,0
04:32,14,3,1,0,12,6,2,0,10,5,0,0,13,4,2,0
04:33,20,6,0,0,14,1,2,1,28,5,1,0,16,2,6,0
04:34,15,3,2,0,9,3,1,0,10,1,4,0,19,4,2,0
04:35,19,5,1,0,12,4,2,0,11,2,4,0,9,4,1,0
04:36,14,3,1,0,23,4,3,0,13,3,2,0,8,3,1,0
04:37,6,7,1,0,10,4,3,0,11,3,2,0,10,1,2,0
04:38,10,2,1,0,12,4,5,0,19,2,2,0,14,4,1,0
04:39,11,2,0,0,10,1,2,0,22,4,2,0,25,1,0,0
04:40,9,5,3,0,11,3,0,0,21,4,0,0,14,2,2,1
04:41,18,10,6,0,21,3,4,0,10,7,1,1,18,3,0,0
04:42,12,4,0,0,26,3,2,0,24,5,5,0,17,5,4,0
04:43,29,5,5,1,15,2,4,0,16,5,1,0,16,6,3,0
04:44,13,4,1,0,17,3,3,0,9,8,2,0,14,5,3,0
04:45,10,5,2,0,8,10,3,0,12,1,3,0,10,3,0,0
04:46,16,6,3,0,11,6,1,0,13,3,5,0,4,6,1,0
04:47,17,3,2,0,12,5,4,0,10,2,0,0,18,4,4,0
04:48,11,0,1,0,16,6,5,0,17,7,4,0,4,3,3,0
04:49,25,4,3,0,13,3,0,0,18,3,1,0,15,4,2,1
04:50,10,3,3,0,12,11,2,0,9,1,2,0,13,1,2,0
04:51,11,5,1,0,8,1,3,0,32,1,3,0,18,3,2,0
04:52,19,2,1,0,13,1,5,0,20,4,0,0,18,6,1,0
04:53,9,3,1,0,9,2,3,0,24,2,1,0,11,4,3,0
04:54,8,2,0,0,14,3,8,0,21,5,4,0,11,3,1,0
04:55,12,1,0,0,18,4,4,0,17,3,0,0,11,4,2,0
04:56,12,6,2,0,9,5,3,0,6,3,1,0,24,3,2,0
04:57,13,0,2,0,6,4,2,0,19,7,4,0,12,8,1,0
04:58,10,5,1,0,19,3,5,1,9,5,1,0,17,1,2,0
04:59,12,6,1,0,17,1,1,0,20,3,1,0,11,4,2,0
05:00,14,0,1,0,19,1,2,0,17,5,1,0,12,5,2,0
05:01,11,2,2,0,13,2,7,0,12,7,1,0,14,2,6,0
05:02,13,1,0,0,16,2,1,0,19,6,2,0,20,2,2,0
05:03,13,6,2,0,8,5,4,0,12,5,3,0,20,2,3,0
05:04,17,3,4,0,18,1,1,0,17,5,3,0,21,3,2,0
05:05,21,9,0,0,20,4,2,0,11,2,2,0,19,3,1,0
05:06,6,2,3,0,7,7,0,0,7,3,2,0,7,2,6,0
05:07,8,4,2,0,17,3,2,0,13,1,1,0,7,4,0,0
05:08,5,0,4,0,20,8,2,0,15,5,2,0,19,6,1,0
05:09,19,3,3,0,8,4,1,0,15,4,2,0,21,5,4,0
05:10,6,0,1,0,6,2,4,0,28,1,4,0,14,1,4,0
05:11,18,7,2,0,16,1,1,0,7,6,2,0,16,4,2,0
05:12,13,9,1,0,12,2,1,0,16,4,5,0,4,3,4,0
05:13,21,4,4,0,18,3,4,0,18,5,2,0,18,5,3,0
05:14,18,2,0,0,10,4,1,0,26,1,2,0,12,3,0,0
05:15,14,7,3,0,12,5,3,0,15,6,1,0,8,6,1,0
05:16,12,4,3,0,10,3,1,0,20,4,3,0,20,1,0,0
05:17,17,4,3,0,10,3,2,1,15,6,0,0,12,2,3,0
05:18,9,2,2,0,16,2,2,0,15,4,1,0,27,5,2,0
05:19,12,6,1,0,9,2,1,0,13,2,2,0,20,3,2,0
05:20,15,2,1,0,12,3,5,0,10,2,3,0,22,4,3,0
05:21,17,1,1,0,9,2,1,0,18,6,3,0,20,3,1,0
05:22,20,0,3,0,16,8,4,0,11,1,2,0,15,3,2,0
05:23,10,0,2,0,6,5,3,0,11,8,2,0,15,10,3,1
05:24,20,0,0,0,25,4,2,0,7,7,1,0,13,3,0,0
05:25,9,2,0,0,8,3,1,0,14,6,0,0,17,5,3,0
05:26,13,6,3,0,11,2,5,0,8,6,1,0,13,1,2,0
05:27,15,4,3,0,14,1,1,0,13,6,0,0,16,5,4,0
05:28,21,4,1,0,17,6,1,0,18,1,4,0,15,3,2,0
05:29,14,2,2,0,15,3,2,0,20,2,3,0,15,9,0,0
05:30,26,1,5,0,10,3,2,0,22,4,0,0,13,4,1,0
05:31,20,2,1,0,23,4,2,0,15,3,3,0,22,3,0,0
05:32,7,2,1,0,12,5,1,0,16,1,0,0,16,1,2,0
05:33,24,4,2,0,14,4,3,0,11,2,1,0,12,2,1,0
05:34,17,2,0,0,12,2,1,0,13,3,3,0,22,2,1,0
05:35,27,5,5,0,13,5,2,0,17,2,2,0,10,4,2,0
05:36,13,6,4,0,15,5,4,0,10,4,4,0,25,4,3,0
05:37,14,6,1,0,15,4,3,0,19,4,2,0,20,4,4,0
05:38,20,2,3,0,13,0,3,0,9,2,2,0,10,6,3,0
05:39,13,2,3,0,5,3,3,0,9,5,1,0,18,6,4,0
05:40,17,1,3,0,19,3,3,0,27,7,1,0,11,6,3,0
05:41,20,9,2,0,16,5,0,0,11,0,2,0,10,0,1,0
05:42,23,6,3,0,19,2,1,0,7,5,1,1,10,5,1,0
05:43,12,3,4,0,12,5,0,0,13,4,0,0,16,1,3,0
05:44,10,6,1,0,13,4,1,0,14,10,2,0,24,0,0,0
05:45,22,7,1,0,11,2,2,0,17,1,0,0,16,1,2,0
05:46,14,1,2,0,14,0,3,0,18,2,1,0,6,1,0,0
05:47,15,4,2,0,19,1,4,0,17,3,1,0,15,4,1,0
05:48,15,5,3,0,19,1,0,0,17,3,1,0,13,1,4,0
05:49,19,3,0,0,16,2,3,0,14,6,1,0,3,2,4,0
05:50,15,1,5,0,12,4,1,0,19,4,4,0,14,6,0,0
05:51,11,1,0,0,12,5,2,0,18,1,1,0,12,3,5,1
05:52,18,2,0,0,8,3,2,0,16,6,6,0,14,4,2,0
05:53,14,1,0,0,12,2,0,0,13,4,2,0,11,3,3,0
05:54,10,2,2,0,14,8,0,0,11,5,0,0,18,6,0,0
05:55,14,3,2,0,22,4,1,0,11,4,1,0,11,4,2,0
05:56,19,3,3,0,14,3,1,0,11,6,7,0,24,4,0,0
05:57,28,5,2,0,12,6,3,0,14,3,0,0,20,7,3,0
05:58,22,3,0,0,14,6,6,0,17,3,5,0,18,3,2,0
05:59,25,0,0,0,23,4,2,0,19,5,7,0,23,2,2,0
06:00,15,2,0,0,18,4,2,0,10,3,5,0,24,1,2,0
06:01,11,2,3,0,12,3,2,0,15,1,4,0,16,0,0,0
06:02,12,3,1,0,13,5,0,0,20,2,1,0,8,1,1,0
06:03,17,1,1,0,16,4,1,0,7,2,5,0,16,4,1,0
06:04,23,2,3,0,14,6,1,0,13,5,2,0,11,6,4,0
06:05,10,3,0,0,20,2,5,0,12,2,2,0,13,6,3,0
06:06,19,6,0,0,8,5,2,0,14,2,1,0,20,4,2,0
06:07,16,3,6,0,15,4,1,0,11,2,5,0,18,2,2,0
06:08,21,4,4,1,21,5,0,0,13,1,5,0,19,2,8,0
06:09,11,6,2,0,10,3,2,0,16,4,3,0,14,4,2,0
06:10,18,1,4,0,16,2,2,0,11,4,0,0,7,1,1,0
06:11,22,4,0,0,11,9,1,0,12,2,2,0,11,1,3,0
06:12,8,1,0,0,10,5,0,0,11,4,0,0,21,2,1,0
06:13,22,7,2,0,9,5,0,0,17,8,0,0,14,1,0,0
06:14,16,4,0,0,12,3,1,0,19,7,0,0,17,6,2,0
06:15,10,7,1,0,11,3,4,0,18,3,1,0,27,2,3,0
06:16,28,0,0,0,13,2,3,0,28,3,0,0,14,3,1,0
06:17,14,0,2,0,17,2,3,0,12,2,0,0,15,2,1,0
06:18,7,3,3,0,12,3,2,0,11,2,1,0,24,5,1,0
06:19,16,2,3,0,14,7,2,0,13,1,2,0,13,3,1,0
06:20,18,1,2,0,20,0,1,0,11,3,4,0,29,5,0,0
06:21,20,7,2,0,19,6,2,0,7,1,1,0,17,5,2,0
06:22,8,4,1,0,11,7,1,0,7,2,2,0,15,1,1,0
06:23,23,3,3,0,12,1,1,0,11,2,3,0,13,3,2,0
06:24,14,4,2,0,25,5,2,0,17,5,0,0,14,4,5,0
06:25,14,4,1,0,13,4,2,0,14,3,1,0,16,2,0,0
06:26,22,3,3,0,13,2,2,0,18,3,0,0,14,1,5,0
06:27,14,5,4,0,13,4,1,0,9,6,2,0,12,4,2,0
06:28,8,4,1,0,17,3,2,0,12,3,0,0,5,5,1,0
06:29,20,6,0,0,14,5,2,0,11,7,3,0,19,7,0,0
06:30,20,4,1,0,20,1,2,0,9,4,1,0,8,7,4,0
06:31,13,5,4,0,22,7,2,0,6,3,2,0,12,2,1,0
06:32,13,3,1,0,10,3,4,0,15,1,1,0,16,3,0,0
06:33,14,1,1,0,20,10,2,0,21,3,0,0,9,3,1,0
06:34,18,2,1,0,17,4,4,0,15,3,1,0,13,3,3,0
06:35,10,2,1,0,21,4,1,0,16,4,0,0,15,9,0,0
06:36,10,3,1,0,21,2,2,0,22,1,1,0,19,1,1,0
06:37,9,6,1,0,6,1,1,0,14,5,0,0,13,7,2,0
06:38,16,1,1,0,14,5,2,0,15,2,1,0,20,2,0,0
06:39,13,3,2,0,16,2,2,0,25,3,3,0,19,0,1,0
06:40,12,1,1,0,19,1,0,0,9,4,2,0,8,5,1,0
06:41,14,1,3,0,14,2,3,0,14,2,4,0,17,4,1,0
06:42,16,2,0,0,11,6,4,0,11,2,1,0,18,3,1,0
06:43,18,4,2,0,11,3,4,0,9,5,2,0,17,2,2,0
06:44,22,4,5,0,7,7,1,0,22,5,1,0,15,5,3,0
06:45,14,2,1,0,6,1,1,0,16,6,1,0,9,3,4,0
06:46,20,6,2,0,18,4,3,0,14,9,2,0,6,4,3,0
06:47,27,3,3,0,14,1,1,0,17,1,1,0,18,5,0,0
06:48,15,6,1,0,10,6,1,0,19,3,2,0,16,3,2,0
06:49,13,1,1,0,18,0,3,0,10,6,4,0,9,3,2,0
06:50,16,3,0,0,20,3,0,0,13,3,0,0,13,2,2,0
06:51,28,4,0,0,9,2,2,0,12,7,2,0,25,4,2,0
06:52,16,6,6,0,12,4,3,0,15,4,3,0,13,1,5,0
06:53,17,8,2,0,11,6,3,0,15,5,0,0,7,6,0,0
06:54,18,2,2,0,14,1,3,0,15,1,2,0,21,7,3,0
06:55,12,1,2,0,19,4,2,0,14,5,0,0,10,1,0,0
06:56,13,5,4,0,20,2,1,0,13,3,1,0,13,4,1,0
06:57,15,2,10,0,13,4,1,0,16,5,1,0,18,5,3,0
06:58,11,5,1,0,16,4,4,0,16,3,1,0,18,1,2,0
06:59,14,6,3,0,10,5,1,0,8,2,7,0,16,7,0,0
07:00,8,7,4,0,9,3,3,0,18,1,3,0,22,5,4,0
07:01,11,0,1,0,14,2,0,0,5,3,4,0,14,7,2,0
07:02,6,2,4,0,11,7,4,0,17,2,1,0,11,1,1,0
07:03,15,2,0,0,16,1,1,0,15,4,5,0,16,1,3,0
07:04,27,4,1,0,18,2,1,0,19,3,1,0,17,2,1,0
07:05,12,3,0,0,13,4,3,0,10,4,1,0,17,6,1,1
07:06,24,1,2,0,12,2,0,0,14,4,3,0,12,2,4,0
07:07,5,3,3,0,17,2,2,0,11,3,1,0,17,8,3,0
07:08,15,3,1,0,13,3,2,0,8,6,0,0,15,4,3,0
07:09,4,4,3,0,16,3,1,0,20,5,3,0,15,3,3,0
07:10,14,4,0,0,21,5,1,0,17,2,1,0,7,3,1,0
07:11,22,2,1,0,12,5,1,0,6,3,0,0,13,2,2,0
07:12,17,1,5,0,12,3,3,0,17,3,4,0,16,1,2,0
07:13,20,2,2,0,12,4,7,0,17,5,1,0,12,4,1,0
07:14,13,4,0,0,17,2,1,1,24,6,2,0,16,6,1,0
07:15,18,5,0,0,7,2,4,0,16,2,4,0,7,7,1,0
07:16,13,3,2,0,14,3,1,0,11,3,3,0,17,8,4,0
07:17,10,3,2,0,15,3,7,0,15,0,0,0,17,4,5,1
07:18,22,6,4,0,24,3,2,0,10,2,2,0,15,4,1,0
07:19,30,5,2,0,8,5,1,1,20,1,1,0,13,5,0,0
07:20,8,4,0,0,16,3,4,0,18,4,2,0,13,3,0,0
07:21,19,4,0,0,10,1,1,0,14,1,1,0,17,3,1,0
07:22,10,3,1,0,13,2,1,0,8,0,1,0,19,5,2,0
07:23,22,2,1,0,21,4,0,0,12,4,1,0,10,3,2,0
07:24,30,7,3,0,11,4,3,0,16,7,1,0,16,4,1,0
07:25,13,3,3,0,16,2,1,0,12,4,4,0,9,4,2,0
07:26,12,3,2,0,15,1,1,0,11,4,1,0,13,3,2,0
07:27,21,7,2,0,8,4,3,0,13,1,2,0,11,5,3,0
07:28,24,7,5,0,19,4,0,0,17,4,3,0,16,2,1,0
07:29,8,3,0,0,16,3,4,0,14,7,4,0,8,5,1,0
07:30,19,0,1,0,10,2,5,0,18,5,4,0,5,5,0,0
07:31,15,2,1,0,8,1,0,1,17,5,4,0,13,4,1,0
07:32,13,4,4,0,18,6,4,0,13,1,2,0,20,5,1,0
07:33,13,6,1,0,20,2,4,0,16,4,1,0,11,4,4,0
07:34,16,2,0,0,22,2,2,0,15,1,3,0,9,10,2,0
07:35,13,5,1,0,11,1,3,0,12,2,3,0,12,6,1,0
07:36,5,2,2,0,15,7,2,0,14,8,2,0,12,5,2,0
07:37,22,4,2,0,24,3,4,0,14,1,1,0,13,3,0,0
07:38,14,3,1,0,10,1,0,0,8,5,3,0,27,3,2,0
07:39,12,5,0,0,16,3,1,0,9,3,0,0,17,1,4,0
07:40,20,3,4,0,9,7,1,0,19,3,2,0,9,0,2,0
07:41,18,2,3,0,14,3,1,0,13,3,1,0,23,4,3,0
07:42,22,3,4,0,14,5,2,0,15,4,5,0,17,4,1,0
07:43,23,3,3,0,14,4,3,0,16,4,3,0,15,3,1,0
07:44,12,3,6,0,14,6,0,0,16,2,1,0,10,3,1,0
07:45,7,2,3,0,16,1,1,0,15,0,1,0,16,4,1,0
07:46,20,2,4,0,9,3,5,0,17,1,4,0,15,5,5,0
07:47,16,3,1,0,20,8,0,0,21,2,0,0,9,9,0,0
07:48,12,5,2,0,12,3,0,0,16,2,4,0,18,4,2,0
07:49,21,7,4,0,14,3,2,0,12,2,0,0,15,7,1,0
07:50,22,6,1,0,9,4,2,0,18,6,2,0,20,2,0,0
07:51,12,5,2,0,12,3,3,0,14,6,1,0,11,5,1,0
07:52,20,4,1,0,14,3,3,0,8,7,1,0,12,6,1,0
07:53,16,2,0,0,17,5,1,0,17,5,2,0,22,3,2,0
07:54,16,5,1,0,14,4,3,0,22,5,1,0,9,4,0,0
07:55,13,1,2,0,19,2,0,0,19,3,3,0,23,3,1,0
07:56,23,2,2,0,12,3,5,0,13,4,3,0,13,0,3,0
07:57,12,8,3,0,10,0,4,0,16,2,3,0,12,3,2,0
07:58,15,4,1,0,12,3,3,0,5,8,0,0,17,4,1,0
07:59,14,4,3,0,15,4,4,0,17,1,4,0,17,0,0,0
08:00,20,3,4,0,10,8,3,0,14,4,1,0,16,2,2,0
08:01,13,3,3,0,10,3,3,0,19,2,2,0,12,2,1,0
08:02,14,5,5,0,23,2,1,0,10,6,3,0,13,2,4,0
08:03,18,4,6,0,23,3,1,0,24,7,0,0,5,6,2,0
08:04,13,1,1,0,10,6,0,0,16,2,6,0,13,2,4,0
08:05,17,5,0,0,19,6,2,0,14,3,2,0,20,5,4,0
08:06,19,2,2,0,17,4,6,0,8,4,3,0,16,4,0,0
08:07,9,4,1,0,15,1,1,0,13,6,5,0,14,3,0,0
08:08,10,3,2,0,8,4,2,0,14,1,3,0,11,4,1,0
08:09,8,3,3,0,17,4,3,0,19,6,1,0,8,2,2,0
08:10,19,3,3,0,9,3,2,0,10,6,5,0,16,2,0,0
08:11,18,2,2,0,16,7,1,0,14,7,2,0,16,5,3,0
08:12,19,3,6,0,10,4,1,0,16,6,1,0,13,4,2,0
08:13,17,5,1,0,12,2,3,0,15,6,1,0,19,3,1,0
08:14,15,0,1,0,23,7,2,0,24,5,2,0,9,2,5,0
08:15,19,3,2,0,17,3,3,0,10,2,2,0,19,3,3,0
08:16,14,1,2,0,15,2,3,0,8,1,1,0,13,3,2,0
08:17,14,2,1,0,13,1,4,0,16,6,1,0,19,2,3,0
08:18,13,4,4,0,12,0,5,0,14,3,2,0,28,2,2,0
08:19,14,7,3,0,17,1,0,0,16,3,3,0,14,6,5,0
08:20,5,1,4,0,11,4,0,0,10,1,1,0,10,1,3,0
08:21,21,2,0,0,11,2,2,0,18,3,1,0,19,5,3,0
08:22,11,7,1,0,13,3,3,0,16,5,6,0,15,1,3,0
08:23,8,5,0,0,21,2,1,0,17,1,3,0,14,1,0,0
08:24,15,2,4,0,15,5,6,0,12,5,1,0,14,3,4,0
08:25,18,0,2,0,17,2,0,0,9,5,2,0,8,1,3,0
08:26,18,1,2,0,16,7,1,0,15,2,4,0,16,7,2,0
08:27,17,3,2,0,7,2,2,0,23,4,1,0,21,3,0,0
08:28,11,5,3,0,15,1,2,0,6,3,0,0,10,6,1,0
08:29,22,3,8,0,7,4,1,0,16,2,1,0,18,3,2,0
08:30,22,1,1,0,16,4,7,0,5,3,1,0,14,1,3,0
08:31,24,3,0,0,15,5,3,0,10,2,0,0,14,4,5,0
08:32,21,1,0,1,13,3,4,0,18,4,1,0,19,3,0,0
08:33,14,4,2,0,25,4,2,0,24,0,4,0,18,2,3,0
08:34,17,0,2,0,17,3,2,0,19,4,2,0,16,2,1,0
08:35,19,6,0,0,19,4,1,0,6,2,4,0,15,5,4,0
08:36,13,4,0,0,17,4,0,0,23,1,1,0,12,2,3,0
08:37,10,3,0,0,12,2,2,0,17,1,6,0,16,0,1,0
08:38,10,2,4,0,13,6,0,0,30,3,0,0,16,3,0,0
08:39,21,4,3,0,19,6,3,0,16,3,0,0,22,2,0,0
08:40,8,4,2,0,23,2,1,0,12,1,2,0,12,5,3,0
08:41,8,4,3,0,13,8,0,0,9,0,2,0,9,5,1,0
08:42,18,3,2,0,8,14,1,0,11,1,1,0,13,2,5,0
08:43,13,0,3,0,22,2,3,0,13,2,0,0,12,4,1,0
08:44,12,10,3,0,16,5,3,0,18,1,3,0,12,4,1,0
08:45,12,5,2,0,19,6,1,0,10,4,2,0,13,5,4,0
08:46,16,2,1,0,11,0,3,0,15,5,8,0,16,4,3,0
08:47,20,4,6,0,12,3,4,0,16,2,1,0,12,3,1,0
08:48,13,4,2,0,21,1,1,0,8,0,1,0,17,4,2,0
08:49,16,3,1,0,21,3,3,0,8,1,1,0,13,4,6,0
08:50,10,1,2,0,16,5,3,0,11,2,3,0,8,3,1,0
08:51,4,6,2,0,15,5,2,0,15,6,3,0,24,1,1,0
08:52,16,7,1,0,13,2,1,0,17,2,0,0,25,1,2,0
08:53,11,3,6,0,13,10,3,0,25,2,2,0,8,5,3,0
08:54,17,1,0,0,27,5,1,0,11,3,1,0,12,2,6,0
08:55,20,4,3,0,22,5,1,0,15,7,1,0,7,4,7,0
08:56,19,0,3,0,21,6,6,0,17,1,2,0,13,0,1,0
08:57,17,2,4,0,12,2,3,0,16,3,3,0,18,1,4,0
08:58,21,3,2,0,13,2,1,0,23,6,1,0,15,2,1,0
08:59,15,2,2,0,13,4,1,0,17,3,5,0,18,7,1,0
09:00,18,2,1,0,16,4,3,0,9,6,2,0,14,3,2,0
09:01,12,2,0,0,9,3,2,0,23,6,7,0,5,2,3,0
09:02,20,3,3,0,15,5,3,0,15,0,1,0,10,1,0,0
09:03,15,6,0,0,7,2,1,0,16,3,2,0,19,4,5,0
09:04,14,2,3,0,10,6,2,0,15,1,2,0,23,4,2,0
09:05,20,1,3,0,7,1,3,0,16,2,6,0,19,3,2,1
09:06,10,2,4,1,15,4,0,0,19,3,2,0,21,0,2,0
09:07,11,5,1,0,16,4,0,0,22,8,1,0,13,3,1,0
09:08,20,5,4,0,10,4,3,0,19,3,7,0,16,2,1,0
09:09,8,3,3,0,10,1,6,0,23,5,1,0,18,3,2,0
09:10,15,2,1,0,10,3,2,0,14,4,4,0,13,5,2,0
09:11,11,4,4,0,24,2,3,0,21,4,0,0,15,9,5,0
09:12,23,7,1,0,11,1,3,0,13,2,1,0,13,2,1,0
09:13,12,4,3,0,9,6,2,0,17,3,1,0,19,4,5,0
09:14,13,2,4,0,9,3,1,0,12,1,3,0,13,1,4,0
09:15,11,3,2,0,11,1,1,0,15,5,4,0,20,1,3,0
09:16,20,3,1,0,26,4,0,0,15,8,3,1,19,2,0,0
09:17,14,3,3,0,12,3,1,0,19,6,2,0,15,4,1,0
09:18,14,4,2,0,16,6,3,0,24,1,2,0,13,3,0,0
09:19,18,3,1,0,13,6,2,1,21,7,2,0,17,1,5,0
09:20,20,6,2,0,13,4,5,0,11,0,1,0,18,3,1,0
09:21,10,1,1,0,15,7,2,0,18,2,2,0,15,5,0,0
09:22,16,3,1,0,16,2,2,0,16,4,0,0,22,3,1,0
09:23,23,1,0,0,5,9,1,1,7,4,4,0,16,6,4,0
09:24,25,5,1,0,14,6,2,0,23,5,4,0,20,1,3,0
09:25,19,0,3,0,17,1,0,0,14,0,7,0,13,2,4,0
09:26,15,4,3,0,12,6,5,0,18,3,2,0,19,4,0,0
09:27,20,5,5,0,17,6,1,0,14,3,3,0,15,3,3,0
09:28,14,4,2,0,22,3,3,0,11,2,1,0,17,3,0,0
09:29,10,7,5,0,24,4,6,0,17,4,2,0,7,0,0,0
09:30,11,2,0,0,15,6,0,0,15,3,2,0,19,4,0,0
09:31,15,1,1,0,23,3,1,0,12,6,4,0,15,1,2,0
09:32,21,4,0,0,8,1,2,0,15,5,2,0,18,3,1,0
09:33,23,3,6,0,19,6,2,0,18,5,5,0,13,6,2,0
09:34,12,5,2,0,19,3,4,0,12,3,0,0,5,2,0,0
09:35,12,5,4,0,21,2,1,0,21,4,3,0,21,2,1,0
09:36,19,2,0,0,10,3,1,0,16,3,2,0,14,0,2,0
09:37,16,3,3,0,22,3,2,0,14,6,1,0,14,2,0,0
09:38,22,3,3,0,13,2,5,0,10,4,4,0,14,2,2,0
09:39,21,4,2,0,18,4,3,0,15,4,3,0,7,2,4,0
09:40,19,3,2,0,9,2,2,0,17,4,1,0,13,3,0,0
09:41,18,3,4,0,10,4,0,0,16,5,3,0,16,1,3,0
09:42,7,3,3,0,16,4,2,0,15,2,0,0,15,5,1,0
09:43,11,4,1,0,20,3,2,0,23,3,0,0,9,4,4,0
09:44,16,2,0,0,19,3,0,0,22,3,0,0,17,1,10,0
09:45,13,3,2,0,16,3,4,0,14,4,2,0,17,6,3,0
09:46,11,1,1,0,11,7,2,0,8,4,3,1,11,6,1,0
09:47,9,5,1,0,10,5,1,0,13,4,3,0,16,5,0,0
09:48,12,3,2,0,14,4,0,0,22,6,2,0,20,1,1,0
09:49,11,0,1,0,17,2,4,0,21,3,1,0,19,3,0,0
09:50,13,8,1,0,6,0,0,0,8,1,4,0,14,2,3,0
09:51,14,2,3,0,21,4,1,0,22,3,3,0,8,2,2,0
09:52,14,1,3,0,18,3,9,0,21,6,2,0,14,5,0,0
09:53,19,6,2,0,19,1,0,0,11,2,3,0,11,4,1,0
09:54,9,2,2,0,15,2,2,0,17,3,3,0,9,5,2,0
09:55,14,4,2,0,12,4,1,0,9,2,6,0,15,1,3,0
09:56,17,5,1,0,11,5,0,0,17,3,0,0,17,0,3,0
09:57,12,4,3,0,17,5,1,0,18,6,2,0,14,3,4,0
09:58,12,5,1,0,14,3,1,0,17,6,2,0,29,5,1,0
09:59,17,4,3,0,20,2,2,0,12,5,0,0,11,3,0,0
10:00,18,5,1,0,12,4,3,0,14,4,2,0,26,0,3,0
10:01,23,2,1,0,15,5,0,0,14,2,3,0,5,2,2,0
10:02,16,4,4,0,10,4,2,0,14,2,3,0,11,3,0,0
10:03,18,5,0,0,14,7,4,0,22,3,2,0,22,6,3,0
10:04,12,0,3,0,17,8,5,0,8,1,2,0,10,4,1,0
10:05,8,3,2,0,19,4,5,0,23,6,4,0,18,4,1,0
10:06,16,6,3,0,13,6,3,0,12,1,2,0,22,5,2,0
10:07,7,4,2,0,16,7,2,1,21,2,2,0,10,5,5,0
10:08,14,2,2,0,14,4,3,0,14,2,5,0,16,2,0,1
10:09,18,3,1,0,16,6,0,0,19,7,4,0,12,5,3,0
10:10,13,3,3,0,16,2,1,0,18,0,1,0,8,2,1,0
10:11,18,5,1,0,17,3,3,0,19,2,2,0,18,5,2,0
10:12,13,3,1,0,15,5,2,0,21,3,2,0,11,4,8,0
10:13,17,5,2,0,10,9,0,0,17,2,1,0,18,5,1,0
10:14,18,1,0,0,20,2,5,0,10,2,2,0,8,2,2,0
10:15,19,2,1,0,16,3,0,0,12,1,4,0,14,4,2,0
10:16,13,4,2,0,15,4,3,0,16,5,2,0,14,3,4,0
10:17,22,3,3,0,22,6,3,0,11,4,1,0,11,4,3,0
10:18,14,3,6,0,12,8,1,0,21,6,1,0,8,5,3,0
10:19,8,6,4,0,20,8,2,0,9,6,3,0,23,3,5,0
10:20,14,5,4,0,12,3,1,0,19,3,3,0,8,2,5,0
10:21,20,8,1,0,14,3,1,0,21,2,0,0,17,3,2,0
10:22,22,2,2,0,12,3,1,0,26,4,0,0,14,4,0,0
10:23,13,3,1,0,19,2,2,0,10,4,5,0,12,2,2,1
10:24,13,2,3,0,15,4,1,0,12,2,2,0,8,2,0,0
10:25,17,5,5,0,21,1,2,0,19,3,2,0,10,2,3,0
10:26,12,1,3,0,19,4,2,0,18,4,3,0,12,2,2,0
10:27,8,2,1,0,18,4,1,0,14,6,0,0,17,2,1,0
10:28,12,4,2,0,16,3,3,0,15,3,1,0,20,2,0,0
10:29,8,2,2,0,13,3,3,0,23,1,1,0,19,4,1,0
10:30,7,5,3,0,15,6,5,0,10,6,2,0,15,5,3,0
10:31,11,4,1,0,19,4,1,0,10,10,1,0,21,5,0,0
10:32,11,4,3,0,14,3,0,1,12,4,4,0,15,7,0,0
10:33,17,12,2,0,11,3,2,0,16,2,0,0,16,1,0,0
10:34,17,2,1,0,19,4,1,0,21,5,2,0,14,3,0,0
10:35,23,3,1,0,17,6,2,0,18,4,1,0,14,3,1,0
10:36,16,4,2,0,18,4,0,0,13,2,0,0,14,5,3,0
10:37,10,1,2,0,10,2,3,0,19,1,2,0,22,3,2,0
10:38,16,6,2,0,16,4,0,0,9,6,1,0,9,3,2,0
10:39,11,4,1,0,10,1,2,0,9,4,1,0,11,1,1,0
10:40,12,7,2,0,7,5,1,0,20,5,0,0,20,4,2,0
10:41,16,1,1,0,17,2,0,0,11,2,1,0,21,2,1,0
10:42,17,5,0,0,15,2,4,0,14,5,3,0,11,2,6,0
10:43,13,3,0,0,8,7,1,0,19,4,3,0,12,4,3,0
10:44,26,1,2,0,13,8,0,0,13,5,2,0,9,4,6,0
10:45,14,3,1,0,22,1,0,0,21,4,0,0,8,3,2,0
10:46,15,3,5,0,10,2,2,0,13,4,1,0,10,4,0,0
10:47,14,1,4,0,17,4,0,0,25,8,0,0,17,4,0,0
10:48,11,0,1,0,10,8,1,1,15,3,3,0,19,1,2,0
10:49,10,3,3,0,19,3,0,0,12,3,1,0,10,4,1,0
10:50,18,2,0,0,11,3,5,0,18,1,0,0,11,9,1,1
10:51,11,6,0,0,14,2,1,0,19,2,3,0,10,4,3,0
10:52,8,4,5,0,17,4,2,0,28,4,0,0,7,6,4,0
10:53,22,3,3,0,11,1,4,0,20,4,3,0,19,3,5,0
10:54,11,3,0,0,19,4,2,0,15,2,1,0,20,1,1,0
10:55,17,1,3,0,19,4,1,0,19,6,1,0,17,6,3,0
10:56,8,5,2,0,8,2,2,0,19,2,3,0,9,2,0,0
10:57,21,6,0,0,9,5,3,0,13,5,2,0,16,1,0,0
10:58,18,3,0,0,9,5,5,0,7,5,0,0,19,9,2,0
10:59,13,2,4,0,20,5,4,0,8,6,3,0,18,2,5,0
11:00,21,3,3,0,18,3,3,0,16,1,0,0,21,5,2,0
11:01,13,8,1,0,16,4,1,0,7,2,6,0,14,5,4,0
11:02,11,1,4,0,9,5,1,0,18,4,2,0,17,1,7,0
11:03,19,3,2,0,18,2,2,0,14,6,3,0,12,3,1,0
11:04,8,3,2,0,20,1,0,0,19,3,1,0,18,4,1,0
11:05,13,1,2,0,16,1,5,0,23,1,2,0,10,5,1,0
11:06,12,3,0,0,10,4,0,0,12,3,7,1,17,2,3,0
11:07,13,4,0,0,15,5,1,0,18,6,0,0,8,8,2,0
11:08,11,5,0,0,12,6,1,0,15,4,5,0,11,1,2,0
11:09,18,1,3,0,16,2,4,0,13,4,3,0,15,3,1,1
11:10,19,2,1,0,10,5,3,0,21,2,1,0,17,2,6,0
11:11,11,5,0,0,14,3,1,0,17,2,2,0,25,4,1,0
11:12,9,2,3,0,10,3,1,0,10,3,3,0,14,4,2,0
11:13,19,4,1,0,6,2,0,0,21,8,0,0,14,2,2,0
11:14,13,4,3,0,24,2,2,0,13,3,4,0,17,3,4,0
11:15,32,3,4,0,10,6,5,0,15,4,2,0,17,7,0,0
11:16,12,4,1,0,22,3,1,0,11,6,3,0,20,4,2,0
11:17,19,3,0,0,19,1,0,0,15,2,4,0,7,8,1,0
11:18,18,2,5,0,9,4,3,0,21,2,0,0,14,7,1,0
11:19,24,4,2,0,12,3,0,0,9,0,3,0,14,1,3,0
11:20,16,2,0,0,11,4,2,0,15,2,1,0,9,1,2,0
11:21,8,3,2,0,12,3,1,0,14,2,4,0,20,5,0,0
11:22,17,2,1,0,8,2,0,0,12,3,3,0,14,5,4,0
11:23,6,4,2,0,13,9,4,0,19,2,1,0,15,1,1,0
11:24,12,4,1,0,20,4,2,0,14,3,1,0,21,6,1,0
11:25,13,1,2,0,21,5,2,0,24,2,3,0,21,1,1,0
11:26,10,2,0,0,23,6,4,0,14,6,2,0,24,6,3,0
11:27,21,5,4,0,17,4,2,0,6,4,2,0,17,1,0,0
11:28,10,10,2,0,15,2,3,0,15,6,0,0,9,6,3,0
11:29,16,6,1,0,12,2,1,0,8,1,2,0,21,6,4,0
11:30,10,4,3,0,8,5,0,0,12,1,2,0,8,5,1,0
11:31,11,6,3,0,19,2,2,0,15,2,4,0,13,1,2,0
11:32,16,4,0,0,15,4,1,0,5,5,3,0,23,4,1,0
11:33,13,4,3,0,23,1,3,0,12,3,1,0,18,2,2,0
11:34,9,5,2,0,13,4,3,0,18,4,1,0,22,3,4,0
11:35,21,3,3,0,17,4,1,0,19,2,2,0,21,0,1,0
11:36,17,1,0,0,8,1,6,0,8,7,1,0,12,2,5,0
11:37,13,4,2,0,17,6,1,0,22,1,6,0,9,7,1,0
11:38,23,10,2,0,22,2,3,0,9,1,0,0,16,6,3,0
11:39,20,5,0,0,19,4,5,0,23,6,5,0,14,4,2,0
11:40,14,7,4,0,12,4,3,0,14,5,2,0,10,8,2,0
11:41,11,2,2,0,9,1,2,0,9,4,0,0,22,0,0,0
11:42,21,0,1,0,14,4,1,1,25,7,1,0,14,1,0,0
11:43,19,3,0,0,13,8,2,0,12,1,2,0,21,8,0,0
11:44,21,6,0,0,14,1,2,0,14,4,0,0,16,5,0,0
11:45,10,3,0,0,16,1,5,0,17,2,3,0,13,0,2,0
11:46,20,1,4,0,12,2,2,0,15,7,4,0,10,3,2,0
11:47,9,3,2,0,12,0,2,0,13,3,4,0,14,3,1,0
11:48,13,1,2,0,16,1,1,0,12,0,1,0,12,3,2,0
11:49,12,4,1,0,15,4,1,0,12,6,2,0,6,2,1,0
11:50,22,3,1,0,13,7,4,0,12,1,1,0,17,3,2,0
11:51,9,2,2,0,22,5,2,0,20,3,3,0,16,6,6,0
11:52,11,5,3,0,15,0,1,0,20,2,1,0,10,6,4,0
11:53,17,5,1,0,19,7,1,0,13,3,0,0,20,4,3,0
11:54,15,3,1,0,16,3,2,0,11,2,1,0,8,3,1,0
11:55,18,7,2,0,14,2,1,0,23,4,5,0,18,1,1,0
11:56,12,1,4,0,20,6,1,0,9,4,1,0,17,5,3,0
11:57,12,3,3,0,11,3,4,0,14,9,2,0,17,7,2,0
11:58,15,4,1,0,13,3,1,0,14,1,2,0,18,3,2,0
11:59,22,0,3,0,19,1,1,0,24,1,1,0,12,9,2,0
12:00,11,6,2,0,12,4,1,0,10,5,1,0,10,2,1,0
12:01,22,4,2,0,20,3,5,0,17,5,1,0,13,1,4,0
12:02,29,1,0,0,7,5,0,0,14,6,2,0,16,2,2,0
12:03,6,5,3,0,19,3,0,0,10,4,2,0,18,4,1,0
12:04,19,1,2,0,7,2,2,0,15,4,4,0,17,2,1,0
12:05,10,4,1,0,21,9,2,0,11,0,1,0,18,2,1,0
12:06,16,2,1,0,15,3,7,0,13,3,2,0,11,4,3,0
12:07,18,1,2,0,16,3,2,0,8,4,4,0,12,5,3,0
12:08,14,6,2,0,15,3,3,0,21,0,1,0,16,1,2,0
12:09,14,3,3,0,16,2,2,0,16,6,4,0,15,4,1,0
12:10,16,1,0,0,14,3,1,0,11,3,2,0,11,4,0,0
12:11,17,6,3,0,13,2,1,0,19,2,0,0,13,3,3,0
12:12,10,4,3,0,21,2,2,0,4,2,2,0,18,4,1,0
12:13,12,8,1,0,24,4,2,0,16,5,5,0,13,4,3,0
12:14,16,3,2,0,9,4,5,0,20,2,0,0,7,2,1,0
12:15,29,7,5,0,23,6,1,0,18,3,0,0,19,2,2,0
12:16,13,2,1,0,14,2,0,0,13,5,2,0,14,4,1,0
12:17,14,1,2,0,12,7,3,0,7,2,1,0,23,6,1,0
12:18,9,6,3,0,15,4,3,0,7,3,4,0,14,3,0,0
12:19,11,2,1,0,23,4,1,0,12,3,3,0,21,3,1,1
12:20,25,1,1,0,12,6,1,0,16,2,1,0,7,5,6,0
12:21,23,6,0,1,17,3,3,0,24,2,2,0,25,7,4,0
12:22,8,5,1,0,15,1,3,0,14,1,1,0,14,3,3,0
12:23,15,5,1,0,13,11,3,0,9,6,1,0,22,1,2,0
12:24,8,2,1,0,12,5,0,0,16,2,1,0,14,6,1,0
12:25,18,4,2,0,6,2,2,0,8,2,0,0,14,4,0,1
12:26,21,0,1,0,18,4,2,0,14,1,4,0,18,2,3,0
12:27,19,10,0,0,31,1,0,0,21,5,3,0,11,3,0,0
12:28,15,2,2,0,22,2,3,0,18,4,2,0,18,3,3,0
12:29,14,3,2,0,12,2,4,0,11,2,3,0,18,2,0,1
12:30,15,1,0,0,12,5,3,0,14,3,2,0,11,3,3,0
12:31,11,2,4,0,18,3,1,0,8,4,1,0,17,2,0,0
12:32,19,6,3,0,14,5,2,0,12,6,1,0,18,4,0,0
12:33,12,5,3,0,11,5,0,0,7,5,5,0,9,2,2,0
12:34,13,5,2,0,7,2,3,0,18,3,2,0,15,9,2,0
12:35,18,7,2,0,16,1,3,0,13,1,1,0,19,2,1,0
12:36,16,2,5,0,17,5,4,0,9,4,4,0,16,3,1,0
12:37,14,6,1,0,11,4,2,0,15,3,1,0,13,5,5,0
12:38,9,4,2,0,17,0,0,0,14,2,2,0,12,2,4,0
12:39,17,5,3,0,18,4,2,0,17,1,2,0,17,2,4,0
12:40,25,1,2,0,17,4,4,0,20,5,1,0,6,3,1,0
12:41,17,4,2,0,10,0,3,0,16,1,4,0,15,2,1,0
12:42,21,4,0,0,15,2,0,0,13,4,1,0,22,3,3,0
12:43,12,1,3,0,9,3,3,0,5,6,3,0,12,3,6,0
12:44,15,4,0,0,6,3,5,0,12,3,2,0,19,1,6,0
12:45,15,2,0,0,12,3,0,0,10,4,0,0,20,1,4,0
12:46,11,6,1,0,17,2,3,0,9,3,2,0,12,6,1,0
12:47,20,7,1,0,10,4,1,0,11,6,0,0,28,4,1,0
12:48,20,2,2,0,15,5,3,0,15,2,7,0,25,3,1,0
12:49,18,3,1,0,14,1,2,0,19,7,0,0,26,3,2,0
12:50,13,4,0,0,11,5,1,0,15,0,0,0,10,1,1,0
12:51,11,3,3,0,13,5,1,1,16,4,1,0,14,3,2,0
12:52,16,3,2,0,10,3,1,0,15,5,0,0,10,1,6,0
12:53,22,3,2,0,12,7,2,0,12,6,2,0,11,3,2,0
12:54,7,4,0,0,13,0,3,0,15,4,2,0,18,5,1,0
12:55,20,3,1,0,19,10,3,0,23,4,2,0,13,2,1,0
12:56,14,3,1,0,12,3,3,1,14,4,2,0,13,2,0,0
12:57,10,6,0,0,21,4,3,0,13,1,2,0,14,4,5,0
12:58,18,4,2,0,10,5,4,0,12,6,3,0,10,4,4,0
12:59,13,4,4,0,9,2,1,0,11,4,2,0,11,2,1,0
13:00,15,3,3,0,19,5,0,0,19,5,1,0,28,4,0,0
13:01,16,2,2,0,22,2,2,0,20,1,0,0,17,4,4,0
13:02,11,1,1,0,18,5,1,0,16,4,0,0,20,3,0,0
13:03,18,1,3,0,13,0,2,0,10,2,1,0,15,1,1,0
13:04,16,3,4,0,15,6,4,0,8,5,2,0,18,6,2,0
13:05,24,4,4,0,15,5,5,0,20,5,5,0,18,4,3,0
13:06,25,5,1,0,14,4,0,0,24,0,1,0,15,3,1,0
13:07,10,5,4,0,12,4,4,0,19,0,2,0,10,2,0,0
13:08,17,3,2,0,20,3,4,0,14,3,3,0,21,5,1,0
13:09,10,5,1,0,20,3,1,0,11,2,1,0,14,1,2,1
13:10,8,4,3,0,19,3,2,0,11,2,1,0,9,3,2,0
13:11,21,3,1,0,24,2,4,0,19,3,5,0,17,6,0,0
13:12,16,2,3,0,15,10,4,0,15,4,4,0,9,3,2,0
13:13,24,2,3,0,21,8,1,0,15,4,0,0,10,8,3,0
13:14,16,7,3,0,17,3,3,0,16,4,2,0,13,2,2,0
13:15,14,2,3,0,18,3,2,0,20,4,2,0,13,3,1,0
13:16,11,4,2,0,7,3,2,0,10,5,2,0,14,6,3,0
13:17,14,4,0,0,10,5,1,0,8,2,1,0,15,6,1,0
13:18,14,3,1,0,16,5,1,0,6,3,1,0,9,2,0,0
13:19,12,0,1,0,19,3,2,0,16,1,6,0,19,4,2,0
13:20,11,3,3,0,8,3,2,0,9,3,1,0,17,3,0,0
13:21,20,5,0,0,16,2,6,0,30,4,0,0,7,8,2,0
13:22,21,6,0,0,16,2,1,0,8,6,2,0,22,1,2,0
13:23,19,7,1,0,15,4,4,0,7,0,3,0,15,3,5,0
13:24,11,1,3,0,11,6,2,0,14,6,5,1,11,7,0,0
13:25,8,5,2,0,16,2,1,0,9,4,4,0,11,3,3,0
13:26,13,4,5,0,13,4,1,0,16,8,1,0,11,9,1,0
13:27,12,3,2,0,13,5,0,1,15,4,1,0,15,2,1,0
13:28,11,1,3,0,16,8,6,0,12,5,1,0,13,2,2,0
13:29,22,4,2,0,11,6,3,0,17,7,1,0,17,5,0,0
13:30,10,2,4,0,16,1,3,0,21,3,1,0,25,4,3,0
13:31,16,4,3,0,20,4,2,0,8,5,0,0,24,5,2,0
13:32,13,2,2,0,15,3,3,0,13,3,1,0,13,4,4,0
13:33,12,3,1,0,19,0,2,0,15,6,3,0,14,5,1,0
13:34,9,3,1,0,12,2,0,0,12,3,0,0,12,4,1,0
13:35,5,6,2,0,11,6,4,0,16,0,3,0,14,7,2,0
13:36,24,2,1,0,9,3,4,0,21,3,3,0,15,3,4,0
13:37,21,3,1,0,9,6,3,0,23,3,3,0,16,1,3,0
13:38,17,2,0,0,18,3,1,0,10,4,3,0,23,3,2,0
13:39,15,2,0,0,11,1,2,0,16,5,2,0,15,9,3,0
13:40,14,1,1,0,18,3,2,0,16,2,0,0,16,2,0,0
13:41,21,7,2,0,22,6,2,0,16,4,2,0,12,7,0,0
13:42,12,1,4,0,28,3,6,0,9,7,3,0,18,6,0,0
13:43,18,2,3,0,14,7,4,0,16,1,0,0,16,3,0,0
13:44,19,2,0,0,19,4,3,0,14,4,3,0,16,4,3,0
13:45,13,2,2,0,20,3,3,0,15,4,0,0,16,4,1,0
13:46,17,3,4,0,14,1,1,0,8,4,4,0,11,4,1,0
13:47,29,7,3,0,12,2,2,0,9,4,2,0,14,5,0,1
13:48,15,2,2,0,14,2,3,0,15,4,5,0,21,5,1,0
13:49,9,3,1,0,13,0,3,0,19,3,4,0,17,4,1,0
13:50,18,1,3,0,14,4,1,0,13,1,2,0,15,2,1,0
13:51,17,5,1,0,14,1,2,0,14,2,2,0,13,5,3,0
13:52,8,10,0,0,16,3,2,1,15,5,3,0,13,8,4,0
13:53,16,2,1,0,9,2,3,0,12,2,0,0,18,3,3,0
13:54,16,10,0,0,20,0,3,0,10,3,1,0,17,4,1,0
13:55,18,3,4,0,7,4,2,0,12,3,2,0,10,2,0,0
13:56,21,3,0,0,21,3,1,0,23,2,2,0,7,4,2,0
13:57,14,3,0,0,9,1,4,0,18,5,2,0,10,4,4,0
13:58,15,9,3,0,13,3,0,0,13,3,2,0,17,2,1,0
13:59,16,5,2,0,14,2,5,0,12,0,5,0,18,2,1,0
14:00,12,0,5,0,11,2,0,0,11,3,0,0,13,2,3,0
14:01,19,4,1,0,11,3,1,0,11,6,0,0,6,4,1,0
14:02,15,3,1,0,20,0,2,0,13,4,5,0,18,4,0,0
14:03,13,12,2,0,12,10,2,0,15,5,2,1,9,2,3,0
14:04,8,5,1,0,21,1,3,0,14,1,0,0,21,4,2,0
14:05,11,3,4,0,12,1,1,0,26,7,4,0,15,3,4,0
14:06,10,4,2,0,10,4,3,0,10,4,3,0,10,7,1,0
14:07,10,4,0,0,12,5,0,0,12,4,0,0,23,1,0,0
14:08,9,4,1,0,20,6,0,0,29,2,0,0,8,7,2,0
14:09,21,1,4,0,18,1,1,0,13,3,2,0,12,6,0,0
14:10,14,1,1,0,17,4,3,0,27,2,2,0,9,2,2,0
14:11,13,1,0,0,11,4,2,0,20,5,1,0,15,7,0,0
14:12,8,2,1,0,18,5,2,0,15,2,1,0,15,10,0,0
14:13,13,8,1,0,24,2,1,0,9,2,1,0,9,1,0,0
14:14,19,3,2,0,13,7,2,0,20,2,1,0,14,6,5,0
14:15,23,2,2,0,12,0,1,0,11,7,5,0,19,3,2,0
14:16,13,3,0,0,20,3,3,0,12,6,1,0,17,13,0,0
14:17,20,5,0,0,17,2,0,0,27,5,2,0,14,6,2,0
14:18,10,1,2,0,24,2,1,0,15,1,1,0,10,1,2,0
14:19,23,6,4,0,11,2,0,0,20,6,2,0,17,5,5,0
14:20,10,7,2,0,11,3,3,0,21,3,0,0,10,4,0,0
14:21,11,6,0,0,12,2,1,0,17,8,2,0,16,7,1,0
14:22,14,7,2,0,12,4,1,0,19,1,2,0,10,4,2,0
14:23,9,5,3,0,8,2,0,0,13,3,1,0,9,2,2,0
14:24,13,4,1,0,15,2,1,0,11,2,2,0,11,1,2,0
14:25,14,4,4,0,17,3,2,0,15,4,0,0,9,2,5,0
14:26,17,3,1,0,19,2,3,0,11,5,3,0,12,4,1,0
14:27,16,5,1,0,13,1,2,0,10,4,4,0,20,4,4,0
14:28,10,2,0,0,22,5,2,0,15,3,2,0,7,7,4,0
14:29,23,2,1,0,18,4,1,0,15,2,2,0,18,5,0,0
14:30,5,1,0,0,14,3,2,0,19,3,0,0,7,5,2,0
14:31,11,8,3,0,14,4,2,0,14,5,2,1,18,3,4,0
14:32,10,1,1,0,15,4,3,0,18,4,0,0,12,4,2,0
14:33,24,1,6,0,28,5,1,0,11,3,0,0,22,4,2,0
14:34,18,2,1,0,21,8,7,0,9,3,3,0,17,4,4,0
14:35,7,2,1,0,20,3,0,0,13,2,3,0,12,7,2,0
14:36,16,4,2,0,25,5,2,0,12,6,3,0,17,1,0,0
14:37,23,2,2,0,20,4,1,0,9,6,4,0,18,4,0,0
14:38,15,2,1,0,18,2,1,1,17,3,0,0,8,4,3,0
14:39,21,3,6,0,22,4,0,0,15,3,2,0,15,5,5,0
14:40,22,7,2,0,12,1,4,0,15,4,1,0,19,3,1,0
14:41,17,5,2,0,16,5,2,0,9,0,1,0,17,3,2,0
14:42,11,5,8,0,10,3,0,0,15,7,1,0,14,3,3,0
14:43,6,0,2,0,14,5,0,0,15,1,3,0,15,1,5,0
14:44,9,3,2,0,15,6,6,0,17,2,1,0,13,4,2,0
14:45,23,3,2,0,22,5,3,0,21,5,4,0,18,3,1,0
14:46,17,4,2,0,13,4,3,0,14,1,1,0,11,4,5,0
14:47,21,2,1,0,14,6,1,0,20,5,1,0,7,2,0,0
14:48,12,4,2,0,13,2,1,0,10,3,0,0,13,4,2,0
14:49,11,3,4,0,10,4,1,0,8,7,2,0,30,5,2,0
14:50,19,4,1,0,22,3,5,0,14,3,4,0,12,6,3,0
14:51,28,5,4,0,24,4,2,0,24,5,1,0,13,4,0,0
14:52,27,1,5,0,10,3,1,0,18,5,1,0,17,4,3,0
14:53,13,3,2,0,16,3,5,0,16,7,2,0,15,0,0,0
14:54,14,3,2,0,17,2,0,0,13,2,0,0,17,2,1,0
14:55,11,1,3,0,18,5,0,0,16,2,2,0,23,3,0,0
14:56,18,2,0,0,11,4,1,0,5,2,1,0,13,4,3,0
14:57,22,5,1,0,15,2,2,0,7,3,1,0,11,3,3,0
14:58,11,1,3,0,13,5,0,0,26,1,0,0,13,1,2,0
14:59,10,2,2,0,11,1,5,0,13,2,5,0,12,5,1,0
15:00,11,4,3,0,17,2,3,0,18,1,2,0,15,3,3,0
15:01,17,1,4,0,18,2,1,0,14,4,1,0,16,1,4,0
15:02,7,4,3,0,9,1,2,0,17,3,0,0,19,5,2,0
15:03,12,0,1,0,10,6,0,0,20,5,0,0,14,4,1,0
15:04,21,3,2,0,15,0,1,0,17,4,1,0,11,4,2,0
15:05,9,4,3,0,16,4,0,0,12,3,0,0,16,3,4,0
15:06,14,1,3,0,22,4,1,0,17,4,0,0,10,7,1,0
15:07,15,4,2,0,9,3,1,0,8,7,1,0,14,2,6,0
15:08,14,5,0,0,18,4,4,0,25,4,2,0,16,5,0,0
15:09,11,2,3,0,15,5,1,0,8,2,4,0,22,7,0,0
15:10,18,2,3,0,16,3,3,0,9,2,2,0,13,2,3,0
15:11,7,6,3,0,19,2,2,0,8,7,2,0,17,1,1,0
15:12,23,3,2,0,15,6,5,0,18,3,2,0,22,7,3,0
15:13,13,1,1,0,11,3,5,0,14,4,1,0,11,3,0,0
15:14,6,4,3,0,19,5,5,0,15,4,3,1,20,0,3,0
15:15,12,5,2,0,16,2,0,0,15,1,3,0,16,4,1,0
15:16,11,3,1,0,14,5,2,0,9,4,2,0,7,2,4,0
15:17,20,3,3,0,15,4,0,0,21,1,3,0,23,6,3,0
15:18,16,2,0,0,18,4,2,0,23,2,1,0,13,1,3,0
15:19,11,3,5,0,16,5,1,0,10,2,2,0,24,5,2,0
15:20,21,5,3,0,20,0,1,0,9,2,3,0,19,1,0,0
15:21,12,3,3,0,20,4,2,0,15,8,2,0,9,2,1,0
15:22,18,4,0,0,17,10,2,0,13,3,3,0,27,5,0,0
15:23,19,5,1,0,25,3,1,0,10,1,0,0,14,2,2,0
15:24,19,4,3,0,13,2,3,0,15,1,0,0,15,1,7,0
15:25,12,6,1,0,15,3,4,0,25,3,1,0,10,2,2,0
15:26,15,7,0,0,18,2,3,0,16,0,0,0,15,7,1,0
15:27,16,4,1,0,14,1,3,0,24,7,3,0,21,4,0,0
15:28,18,4,5,0,7,4,1,0,16,7,2,0,17,4,0,0
15:29,12,3,4,0,16,2,1,0,15,6,0,0,19,4,1,0
15:30,21,5,1,0,8,5,3,0,15,1,1,0,10,5,1,0
15:31,16,4,7,0,12,6,2,0,18,4,4,0,17,2,6,0
15:32,13,3,0,0,17,5,2,0,20,1,2,0,23,1,1,0
15:33,13,6,0,0,13,1,1,0,13,1,3,0,16,2,3,0
15:34,12,3,2,0,19,4,1,0,17,9,4,0,13,5,3,0
15:35,23,5,4,0,10,3,1,0,7,1,0,0,15,6,8,0
15:36,24,2,3,0,24,4,4,0,23,4,0,0,13,3,2,0
15:37,23,6,2,0,17,4,2,0,13,3,1,0,7,1,0,0
15:38,17,2,3,0,10,2,3,0,15,2,2,0,15,3,3,0
15:39,11,8,4,0,25,3,5,0,11,4,5,0,12,2,2,0
15:40,9,2,1,0,12,3,2,0,19,2,3,0,11,1,2,0
15:41,14,3,4,0,16,5,1,0,10,3,1,0,16,2,5,0
15:42,10,6,4,0,12,3,1,0,19,4,1,0,12,6,0,0
15:43,12,3,4,0,12,5,1,0,8,4,2,0,15,2,2,0
15:44,21,3,3,0,13,4,1,0,20,9,1,0,12,2,1,0
15:45,19,4,2,0,13,5,1,0,17,1,1,0,10,1,3,0
15:46,18,4,1,0,12,8,1,0,11,2,2,0,17,5,2,0
15:47,16,5,1,1,18,4,1,0,7,2,2,0,11,3,2,0
15:48,17,4,2,1,15,3,0,0,16,6,1,0,8,4,4,0
15:49,19,5,2,0,17,4,4,0,18,2,0,0,10,3,5,0
15:50,18,1,3,1,22,3,3,0,9,3,2,0,9,3,2,0
15:51,17,4,3,0,16,7,1,0,14,6,4,0,18,7,3,0
15:52,15,5,1,0,8,4,1,0,12,5,3,0,8,5,6,0
15:53,16,1,1,0,10,0,4,0,14,5,1,0,20,1,2,0
15:54,22,2,3,0,19,3,0,0,13,2,0,0,15,4,2,0
15:55,12,4,1,0,8,1,1,0,14,7,4,0,11,2,4,0
15:56,11,5,2,0,13,4,2,0,18,6,0,0,12,3,3,0
15:57,15,7,1,0,20,4,0,0,8,4,4,0,12,1,1,0
15:58,8,1,0,0,12,0,4,0,9,6,2,0,18,1,2,0
15:59,21,5,1,0,22,3,3,1,10,2,5,0,10,3,6,0
16:00,19,8,4,0,15,0,2,0,14,1,0,0,12,4,1,0
16:01,14,1,2,0,12,7,2,0,9,1,5,0,24,4,6,1
16:02,16,6,0,0,10,5,4,0,19,0,1,0,18,3,5,0
16:03,16,3,1,0,11,2,0,0,14,5,0,0,14,8,1,0
16:04,21,4,5,0,14,8,1,0,15,5,3,0,10,1,2,0
16:05,10,1,1,0,14,6,2,0,17,4,3,0,8,5,3,0
16:06,10,4,0,0,14,3,1,0,13,7,0,0,14,2,6,0
16:07,18,2,1,0,11,6,5,0,12,3,0,0,21,5,2,0
16:08,12,1,4,0,12,3,4,0,10,2,4,0,19,1,4,0
16:09,13,7,2,0,14,4,1,0,19,8,0,0,17,5,2,0
16:10,14,4,1,0,10,4,6,0,15,5,1,0,18,4,0,0
16:11,8,2,3,0,14,3,3,0,16,5,3,0,27,8,2,0
16:12,12,0,3,0,13,3,2,0,8,6,4,0,16,2,0,0
16:13,11,4,4,0,16,2,0,0,19,3,1,0,16,6,2,0
16:14,16,3,1,0,28,3,4,0,12,0,0,0,10,1,2,0
16:15,21,5,2,0,17,4,0,0,19,2,2,0,17,3,1,0
16:16,9,5,6,0,26,2,0,0,16,4,2,0,19,3,1,0
16:17,13,3,3,0,18,3,0,0,14,4,4,0,10,0,3,0
16:18,19,5,3,0,22,5,2,0,9,2,3,0,9,5,0,0
16:19,11,6,0,0,21,0,3,0,20,0,0,0,14,3,2,0
16:20,11,5,4,0,15,3,0,0,14,4,1,0,12,10,3,0
16:21,16,3,1,0,14,4,0,0,18,2,0,0,12,2,0,0
16:22,17,0,1,0,12,5,2,0,10,1,1,0,17,1,2,0
16:23,17,3,2,0,15,5,2,0,16,7,4,0,12,8,1,0
16:24,14,2,1,0,13,2,1,0,14,3,3,0,16,3,1,0
16:25,18,4,3,0,14,3,2,0,19,11,1,0,16,2,1,0
16:26,16,4,2,0,24,3,0,0,9,5,0,0,23,3,3,0
16:27,22,3,4,0,12,6,1,0,15,3,1,0,22,4,1,0
16:28,16,1,4,0,24,1,2,0,11,2,5,0,14,4,1,0
16:29,14,3,1,0,9,3,4,1,11,4,2,0,20,2,3,0
16:30,17,1,1,0,20,0,4,0,8,1,0,0,14,5,3,0
16:31,16,3,1,0,17,0,1,0,10,3,0,0,19,3,3,0
16:32,16,3,2,0,19,5,2,0,16,3,3,0,14,6,3,0
16:33,17,5,2,0,16,3,1,0,19,5,5,0,15,2,0,0
16:34,17,0,3,1,14,4,0,0,8,5,2,0,16,2,0,0
16:35,24,1,1,0,18,3,3,0,21,0,2,0,24,4,2,0
16:36,10,4,2,0,22,3,2,0,17,4,6,0,14,4,2,0
16:37,12,4,2,0,15,1,3,0,20,4,5,0,9,2,4,0
16:38,23,3,1,0,19,6,0,0,12,3,2,0,22,3,3,0
16:39,16,3,2,0,8,3,2,0,22,1,0,0,7,5,0,0
16:40,17,2,2,0,16,4,1,0,13,1,1,0,13,4,2,0
16:41,18,3,2,0,10,3,0,0,14,2,2,0,16,5,2,0
16:42,11,1,0,0,12,4,2,0,11,5,0,0,17,3,2,0
16:43,24,4,1,0,12,2,3,0,17,3,0,0,15,1,4,0
16:44,18,3,5,0,14,4,3,0,23,3,4,0,25,3,7,0
16:45,11,1,4,0,10,3,1,0,14,2,1,0,8,3,3,0
16:46,12,4,0,0,10,3,1,0,16,7,3,0,16,6,2,0
16:47,18,2,4,0,14,2,2,0,16,7,2,0,18,2,1,0
16:48,23,3,0,0,19,4,2,0,18,3,1,0,14,1,0,0
16:49,20,1,3,0,20,5,2,0,15,4,3,0,10,2,5,0
16:50,11,5,1,0,13,3,3,0,6,1,2,0,13,1,2,0
16:51,21,3,2,0,20,2,0,0,20,7,1,0,14,4,0,0
16:52,22,4,4,0,20,7,1,0,12,4,1,0,12,6,2,0
16:53,11,6,3,0,30,6,2,0,19,1,1,0,23,2,2,0
16:54,21,3,2,0,16,4,2,0,18,3,1,0,22,4,1,0
16:55,23,0,1,0,15,1,1,0,22,1,2,0,16,7,1,0
16:56,12,4,5,0,23,5,4,0,22,5,2,0,22,5,4,0
16:57,22,4,6,0,19,3,3,0,15,3,2,0,17,2,1,0
16:58,13,5,6,0,9,1,2,0,19,0,3,0,18,1,2,0
16:59,12,6,1,0,18,2,1,0,22,1,1,0,18,5,1,0
17:00,20,7,1,1,21,5,2,0,11,5,4,0,20,1,1,0
17:01,16,3,4,0,11,5,0,0,16,2,0,0,23,2,2,0
17:02,17,2,4,0,5,2,2,0,7,4,0,0,17,0,3,0
17:03,18,0,2,0,12,1,2,0,15,3,1,0,5,4,1,0
17:04,6,3,6,0,15,7,3,0,10,2,4,0,9,3,0,0
17:05,24,4,1,0,14,1,3,0,12,4,3,0,12,4,0,0
17:06,17,3,0,0,16,5,1,0,20,6,3,0,12,5,1,0
17:07,12,3,2,0,17,2,0,0,18,8,0,0,19,3,1,0
17:08,16,2,2,0,18,5,1,0,16,4,2,0,17,4,5,0
17:09,15,1,3,0,14,4,3,0,13,4,0,0,7,8,1,0
17:10,12,2,1,0,9,2,0,0,12,5,0,1,24,1,0,0
17:11,17,1,1,0,14,4,1,0,13,4,2,0,18,3,2,0
17:12,19,1,1,0,11,2,2,0,14,3,0,0,12,2,3,0
17:13,16,4,0,0,14,7,3,0,14,2,5,0,6,1,2,0
17:14,13,5,2,0,13,3,3,0,8,7,1,0,10,5,0,0
17:15,18,6,1,1,18,2,1,0,15,2,1,0,23,4,2,0
17:16,7,3,3,0,11,6,1,0,16,3,4,0,6,7,3,0
17:17,17,4,3,0,14,2,4,0,13,4,5,0,18,3,1,0
17:18,13,5,1,0,8,1,0,0,9,2,3,0,8,1,2,0
17:19,13,1,1,0,11,2,3,0,13,5,4,0,19,5,1,0
17:20,14,5,1,0,17,0,0,0,25,6,2,1,11,5,1,0
17:21,11,3,1,0,14,2,0,0,19,1,1,0,11,11,3,0
17:22,15,4,1,0,27,7,2,0,13,3,4,0,20,3,1,0
17:23,14,1,2,0,13,2,2,0,15,4,1,0,11,1,2,0
17:24,9,6,1,0,22,2,2,0,15,5,1,0,13,3,2,0
17:25,15,2,2,0,12,4,1,0,18,1,2,0,16,6,3,0
17:26,15,4,3,0,12,1,1,0,14,6,3,0,19,4,5,0
17:27,14,2,4,0,10,3,2,0,12,5,2,0,27,4,0,0
17:28,15,4,2,0,19,4,2,0,19,6,2,0,15,5,2,0
17:29,9,7,1,0,20,1,1,0,20,3,1,0,20,2,3,0
17:30,12,7,1,0,16,1,1,0,20,1,1,0,13,4,1,0
17:31,13,4,1,0,8,1,2,0,19,2,5,0,7,4,4,0
17:32,14,3,1,0,14,4,3,0,7,2,2,0,13,1,4,0
17:33,18,2,3,0,21,2,2,0,10,2,2,0,12,3,0,0
17:34,17,3,0,0,16,7,0,0,8,3,1,0,13,7,1,0
17:35,30,4,0,0,16,2,1,0,12,1,2,0,13,9,0,0
17:36,22,5,1,0,10,1,1,0,6,3,3,0,7,3,1,0
17:37,18,2,1,0,11,4,0,0,16,5,2,0,14,3,1,0
17:38,15,2,2,0,10,2,0,0,11,3,3,0,12,5,1,0
17:39,13,4,0,0,21,3,2,0,16,5,5,0,12,4,1,0
17:40,8,2,3,0,9,2,3,0,4,3,3,0,16,7,2,0
17:41,16,2,0,0,11,1,4,0,8,2,6,0,18,3,1,0
17:42,16,2,4,0,20,3,0,0,20,7,2,0,12,4,4,0
17:43,9,2,2,1,14,0,2,0,20,2,1,0,7,4,0,0
17:44,13,5,2,0,12,5,3,0,14,7,3,0,17,5,0,0
17:45,20,1,1,0,14,3,0,0,17,5,2,0,19,4,2,0
17:46,10,1,5,0,15,5,2,0,14,4,0,0,22,4,0,0
17:47,13,0,2,0,14,2,1,0,17,2,3,0,19,5,1,0
17:48,4,1,3,0,11,2,1,0,13,3,2,0,23,6,3,0
17:49,15,2,3,0,18,2,2,0,31,2,2,0,28,6,2,0
17:50,13,6,1,0,22,3,0,0,29,6,1,1,13,5,2,0
17:51,11,2,2,0,8,2,3,0,10,4,1,0,11,4,3,0
17:52,17,3,2,0,13,5,4,0,8,3,2,0,19,6,3,0
17:53,15,2,1,0,20,5,5,0,17,3,1,0,11,6,1,0
17:54,13,1,0,1,13,2,2,0,9,3,2,0,18,4,3,0
17:55,15,3,3,0,16,2,0,0,21,4,4,0,15,5,3,0
17:56,9,4,3,0,23,5,2,0,28,1,7,0,10,1,0,0
17:57,13,2,2,0,16,6,5,0,14,3,3,0,19,7,2,0
17:58,15,0,6,0,12,1,3,0,13,1,1,0,6,2,3,0
17:59,16,8,6,0,19,1,4,0,13,9,4,0,13,8,1,0
18:00,7,3,3,0,25,5,1,0,16,9,3,0,16,1,3,0
18:01,12,2,3,0,19,0,2,0,10,3,0,0,18,4,1,0
18:02,11,3,1,0,11,4,3,0,14,4,1,0,16,4,1,0
18:03,9,1,6,1,7,1,1,1,19,5,1,0,24,1,1,0
18:04,13,5,2,0,13,3,2,0,13,2,0,0,10,6,3,0
18:05,19,3,0,0,9,4,3,0,21,0,1,0,11,3,1,0
18:06,24,5,1,0,10,2,2,0,14,2,3,0,12,4,1,0
18:07,10,2,3,0,18,2,0,0,13,1,4,0,21,4,2,0
18:08,12,1,3,0,16,0,0,0,8,3,1,0,17,4,3,0
18:09,12,0,2,0,20,6,3,0,20,3,1,0,16,1,2,0
18:10,12,2,0,0,20,3,1,0,14,4,3,0,20,1,0,0
18:11,24,2,4,0,16,6,1,0,15,3,1,0,18,4,3,0
18:12,11,3,3,0,22,4,2,0,17,4,0,0,10,7,0,0
18:13,12,1,4,0,9,5,1,0,21,3,2,0,27,1,4,1
18:14,21,6,2,0,20,3,3,0,19,2,3,0,10,1,3,0
18:15,18,4,1,0,24,1,2,0,4,7,4,0,16,1,2,0
18:16,15,0,3,0,10,2,4,0,11,5,1,0,10,2,3,0
18:17,8,5,3,0,25,6,0,0,15,1,2,0,9,2,4,0
18:18,23,6,0,0,23,2,3,0,16,2,1,0,13,2,2,0
18:19,5,4,1,0,18,3,1,0,13,4,3,0,22,0,2,0
18:20,10,4,2,0,16,8,1,0,22,2,4,0,11,2,1,0
18:21,13,2,2,0,13,2,4,0,8,1,2,0,12,3,4,0
18:22,16,3,1,0,23,5,1,0,16,2,4,0,12,4,4,0
18:23,19,1,2,0,15,7,2,0,16,6,1,0,12,3,1,0
18:24,13,4,1,0,17,5,1,0,13,6,5,0,11,3,4,0
18:25,15,3,6,0,20,2,1,0,11,8,4,0,9,4,5,0
18:26,11,1,1,0,7,4,1,0,15,4,1,0,10,3,2,0
18:27,16,5,3,0,10,2,1,0,11,2,1,0,14,3,0,0
18:28,9,1,4,0,20,9,4,0,17,6,1,0,15,4,3,0
18:29,8,8,5,0,13,1,0,0,21,5,2,0,14,5,1,0
18:30,26,3,0,0,14,3,3,0,17,3,3,0,13,5,1,0
18:31,13,2,2,0,10,1,1,0,11,6,0,0,25,3,0,0
18:32,15,4,6,0,9,4,2,0,13,3,3,0,20,3,1,0
18:33,19,1,0,0,19,4,2,0,15,0,1,0,17,5,2,0
18:34,10,6,4,1,8,1,2,0,11,3,1,0,8,1,1,0
18:35,12,5,1,0,25,2,3,0,12,2,2,0,13,2,0,0
18:36,12,1,1,0,12,2,4,0,9,0,5,0,18,3,1,0
18:37,11,3,3,0,10,2,1,0,14,3,1,0,15,2,3,0
18:38,16,6,4,0,13,3,1,0,17,5,1,0,12,5,1,0
18:39,10,4,4,0,7,1,2,0,11,1,2,1,14,8,2,0
18:40,15,6,3,0,15,5,2,0,12,1,3,0,6,4,0,0
18:41,20,1,3,0,22,2,1,0,11,3,2,0,25,1,0,1
18:42,13,2,2,0,17,3,2,0,11,2,2,0,10,6,3,0
18:43,25,4,2,0,19,6,2,0,14,1,1,0,25,4,0,0
18:44,19,4,4,0,18,0,3,0,13,8,2,0,16,1,2,0
18:45,14,3,0,0,22,3,6,0,13,3,4,0,18,2,3,0
18:46,26,3,0,0,22,9,2,0,10,1,2,0,10,4,1,0
18:47,22,5,0,0,13,3,2,0,12,1,3,0,14,3,0,0
18:48,19,2,1,0,15,7,1,0,14,9,4,0,5,7,1,0
18:49,14,1,2,0,11,4,2,0,23,1,3,0,12,4,1,0
18:50,15,3,0,0,20,8,2,0,20,4,3,0,9,4,0,0
18:51,16,4,4,0,5,5,2,0,17,3,2,0,15,2,0,0
18:52,11,2,5,0,14,5,2,0,10,1,3,0,16,6,2,0
18:53,12,3,2,0,9,2,1,0,24,5,0,0,16,1,1,0
18:54,12,4,2,0,15,2,2,0,20,5,4,0,13,5,1,0
18:55,8,4,1,0,9,1,0,0,14,0,3,0,6,3,1,0
18:56,20,6,2,0,13,7,0,0,13,4,3,0,15,1,5,0
18:57,13,1,4,0,8,3,2,0,17,4,1,0,7,5,2,0
18:58,12,2,3,0,11,2,5,0,8,5,2,0,15,5,2,0
18:59,15,2,6,0,20,3,6,0,16,4,5,0,18,5,5,0
19:00,11,1,1,0,16,2,1,0,17,3,1,0,11,3,1,0
19:01,18,2,0,1,20,4,0,0,13,6,1,0,9,1,0,1
19:02,27,5,4,0,19,1,1,0,25,5,3,0,14,3,2,0
19:03,12,5,2,0,10,2,0,0,22,2,1,0,15,6,0,0
19:04,12,4,0,0,17,9,0,0,13,5,2,0,8,2,2,0
19:05,13,4,1,0,13,5,3,0,12,5,0,0,15,5,2,0
19:06,27,2,2,0,29,2,4,0,19,3,0,0,17,3,3,0
19:07,17,3,3,0,18,4,3,0,14,0,2,0,10,1,3,0
19:08,8,4,3,0,9,1,2,0,9,7,0,0,9,3,1,0
19:09,11,3,2,0,8,2,1,0,12,2,0,0,12,3,1,0
19:10,20,5,5,0,16,1,1,0,21,3,1,0,19,4,2,0
19:11,10,3,1,0,7,3,2,0,14,4,1,0,9,5,2,0
19:12,9,3,2,0,21,7,0,0,16,6,0,0,16,2,0,0
19:13,8,3,1,0,10,3,0,0,17,2,1,1,31,0,1,0
19:14,14,1,1,0,14,6,1,0,18,2,1,0,8,2,3,0
19:15,14,3,1,0,14,1,5,0,16,5,0,0,18,2,0,1
19:16,11,3,1,0,13,6,2,0,13,8,1,0,23,5,4,0
19:17,11,2,4,0,23,3,2,0,21,6,3,0,14,7,6,0
19:18,20,6,1,0,20,0,1,1,15,4,3,0,13,1,0,0
19:19,13,5,5,0,15,2,2,0,14,0,2,0,21,1,2,0
19:20,14,6,2,0,21,4,5,0,12,1,2,0,19,3,0,0
19:21,24,8,2,0,13,3,3,0,22,3,1,0,15,0,1,0
19:22,15,1,3,0,16,8,2,0,19,2,1,0,21,9,5,0
19:23,11,4,2,0,20,2,0,0,15,2,5,0,8,6,5,0
19:24,12,4,1,0,18,3,2,0,16,5,1,0,7,1,4,0
19:25,19,2,3,0,18,6,1,0,9,6,3,0,15,6,2,0
19:26,14,5,2,0,11,4,0,0,15,2,0,0,19,5,1,0
19:27,15,2,1,0,7,2,2,0,12,5,3,0,14,9,3,0
19:28,18,1,7,0,19,2,5,0,17,1,3,0,11,3,2,0
19:29,15,2,0,0,15,5,0,0,9,3,1,0,19,6,2,0
19:30,27,3,3,0,14,3,0,0,14,7,0,0,13,4,6,0
19:31,12,3,2,0,5,1,4,0,15,3,2,0,8,1,3,0
19:32,12,5,3,0,21,6,3,0,13,6,0,0,21,6,2,0
19:33,20,4,1,0,5,2,2,0,22,5,1,0,6,3,2,1
19:34,17,7,4,0,21,4,0,0,22,1,1,0,19,7,3,0
19:35,18,2,2,0,8,2,2,0,24,1,3,0,14,4,4,0
19:36,6,0,0,0,16,3,1,0,9,6,2,0,12,1,2,0
19:37,5,2,4,0,20,3,1,0,19,4,2,0,9,0,3,0
19:38,12,1,2,0,15,1,4,0,13,2,0,0,18,0,2,0
19:39,15,6,2,0,14,3,2,0,19,4,4,0,10,2,0,0
19:40,18,4,0,0,23,3,2,0,14,4,3,0,10,3,1,0
19:41,20,3,0,0,8,2,1,0,13,1,1,0,26,2,2,0
19:42,16,5,3,0,13,8,3,0,17,1,3,0,13,1,0,0
19:43,12,3,2,0,18,2,2,0,21,3,2,0,14,0,2,0
19:44,19,2,2,0,13,3,1,0,18,7,1,0,8,3,0,0
19:45,17,6,3,0,17,2,1,0,25,5,4,0,7,1,1,0
19:46,13,3,2,0,13,6,2,0,18,5,4,0,14,6,1,0
19:47,16,9,3,0,14,0,5,0,19,8,2,0,22,5,4,0
19:48,9,5,0,0,7,1,4,0,10,5,1,0,16,3,2,0
19:49,16,4,1,0,24,2,2,0,13,6,3,0,19,6,1,0
19:50,18,3,4,0,12,3,3,0,15,1,1,0,17,1,1,0
19:51,11,2,3,0,18,2,3,0,12,3,3,0,8,4,3,0
19:52,14,2,1,0,17,5,0,0,13,4,3,0,19,5,3,0
19:53,17,5,2,0,10,3,3,0,8,4,1,0,10,1,1,0
19:54,19,4,2,0,16,2,2,0,17,5,1,0,19,3,2,0
19:55,9,4,1,0,12,3,0,0,17,3,1,0,15,5,2,0
19:56,13,4,1,0,9,2,2,0,12,1,2,0,11,2,4,0
19:57,19,3,2,0,11,5,2,0,24,10,2,0,19,3,1,0
19:58,11,6,7,0,22,2,1,0,14,3,3,0,25,5,2,0
19:59,24,1,1,1,7,4,1,0,16,2,0,0,11,4,3,0
20:00,13,3,2,0,18,2,1,0,22,1,1,0,11,2,5,0
20:01,11,3,2,0,14,3,2,0,17,6,0,0,12,2,2,0
20:02,27,4,4,1,10,3,1,0,20,2,6,0,11,8,3,0
20:03,8,3,3,0,24,3,3,0,12,4,0,0,12,3,3,0
20:04,17,4,1,0,17,4,0,0,19,2,4,1,14,1,1,0
20:05,19,2,3,0,22,4,1,0,22,2,1,0,13,3,2,0
20:06,14,9,1,0,19,2,1,0,17,5,2,0,21,3,2,0
20:07,22,3,3,0,11,6,1,0,16,6,2,0,23,3,0,0
20:08,19,5,1,0,16,2,0,0,15,7,1,0,16,3,0,0
20:09,12,1,2,0,14,2,0,0,23,6,2,0,12,5,3,0
20:10,18,2,2,0,23,0,1,0,17,6,5,0,10,5,1,0
20:11,30,5,2,0,12,1,0,0,14,3,4,0,15,8,2,0
20:12,17,5,2,0,10,4,3,0,22,5,2,0,21,1,2,0
20:13,16,4,5,0,19,2,1,0,21,2,0,0,13,6,3,0
20:14,13,3,2,0,13,3,0,0,18,1,2,0,18,2,3,0
20:15,13,5,1,0,20,2,3,0,14,5,1,0,15,4,2,0
20:16,11,3,1,0,10,3,2,0,9,4,0,0,13,3,3,0
20:17,20,4,1,0,9,2,0,0,19,2,2,0,26,3,0,0
20:18,20,3,3,0,19,4,0,0,5,4,1,0,13,5,2,0
20:19,23,4,0,0,17,3,3,0,15,2,0,0,21,3,3,0
20:20,11,3,3,0,18,2,1,0,17,2,3,0,12,2,2,0
20:21,16,3,4,0,13,1,1,0,19,5,2,0,10,1,3,0
20:22,10,5,3,0,14,0,1,0,17,2,3,0,16,2,3,0
20:23,1,1,1,0,12,1,1,0,14,3,4,0,22,1,3,0
20:24,20,2,0,0,18,7,0,0,10,7,1,1,13,4,1,0
20:25,17,5,1,0,13,6,1,0,18,5,2,0,20,8,3,0
20:26,21,5,3,0,18,0,4,0,9,7,1,0,8,3,4,0
20:27,21,7,1,0,5,5,1,0,12,6,3,0,14,1,1,0
20:28,15,2,1,0,9,4,1,0,9,2,2,0,18,3,0,0
20:29,8,1,1,0,12,3,2,0,14,1,7,0,8,4,2,0
20:30,23,1,2,0,10,7,0,0,20,5,0,0,19,2,1,0
20:31,16,6,4,0,14,4,0,0,9,5,2,0,20,5,1,0
20:32,5,4,1,0,10,6,3,0,11,5,0,0,15,1,3,0
20:33,18,2,4,0,18,5,0,0,15,3,0,0,15,3,3,0
20:34,17,4,3,0,23,4,0,0,17,6,3,0,17,4,1,0
20:35,27,4,2,0,11,3,3,0,6,2,1,0,11,4,4,0
20:36,25,5,1,0,9,7,4,0,13,4,1,0,18,5,6,0
20:37,23,2,4,0,18,5,2,0,20,3,3,0,12,4,0,0
20:38,10,1,4,0,13,5,0,0,20,5,2,0,16,2,2,0
20:39,14,3,2,0,13,2,1,0,12,5,1,0,17,8,6,0
20:40,11,5,1,0,12,2,1,0,11,1,3,0,10,1,2,0
20:41,16,4,2,0,8,4,3,1,11,7,8,0,20,5,0,0
20:42,21,4,1,0,5,2,1,1,18,5,2,0,6,5,0,1
20:43,19,4,4,1,11,2,3,0,23,2,2,0,9,5,3,0
20:44,14,6,3,0,17,4,0,0,17,3,1,0,12,4,1,0
20:45,11,5,3,0,15,5,3,0,12,4,1,0,7,4,1,0
20:46,10,4,0,0,9,2,7,0,24,2,3,0,9,1,1,0
20:47,13,3,2,0,15,1,2,0,14,2,0,0,10,4,2,0
20:48,20,4,3,0,23,5,2,0,14,5,2,0,13,2,1,0
20:49,21,4,1,0,16,2,7,0,16,3,2,0,12,3,3,0
20:50,18,3,1,0,20,3,4,0,23,4,4,0,22,1,4,0
20:51,20,6,0,0,14,2,1,0,11,5,3,0,13,1,1,0
20:52,19,5,3,0,24,3,4,0,15,5,1,0,13,5,0,0
20:53,11,4,3,0,15,7,0,0,10,5,1,0,14,1,3,0
20:54,13,8,0,0,10,7,1,0,16,1,5,0,19,1,2,0
20:55,12,4,5,0,19,2,2,0,21,1,3,0,16,9,2,0
20:56,18,3,0,0,11,2,1,0,16,5,1,0,15,6,2,0
20:57,16,1,0,0,9,4,3,0,17,2,2,0,17,7,2,0
20:58,15,7,1,0,12,0,2,0,21,3,2,0,25,0,0,0
20:59,14,1,1,0,13,0,1,0,21,4,3,0,10,4,8,0
21:00,15,3,1,0,12,4,9,0,19,3,5,0,21,1,2,0
21:01,21,3,4,0,16,4,4,0,14,6,0,0,14,0,1,0
21:02,12,7,0,0,17,1,1,0,15,0,3,0,14,7,1,0
21:03,18,2,4,0,9,3,4,0,13,0,2,0,15,5,1,0
21:04,12,2,1,0,29,3,3,0,13,6,1,0,16,2,0,0
21:05,13,8,2,0,16,3,4,0,5,1,3,0,14,8,1,0
21:06,12,2,0,0,28,4,0,0,15,3,4,0,12,1,3,0
21:07,14,5,0,0,11,1,1,0,18,3,3,0,27,0,2,0
21:08,16,3,0,0,13,5,1,0,20,7,2,0,18,2,2,0
21:09,10,1,3,0,14,8,3,0,18,3,1,0,9,4,2,0
21:10,22,2,6,0,17,6,4,0,19,3,5,0,8,3,2,0
21:11,14,2,1,0,5,10,1,0,10,0,1,0,17,0,1,0
21:12,9,6,3,0,20,4,2,1,17,2,1,0,13,2,3,0
21:13,17,4,1,0,10,2,0,0,22,1,2,0,12,2,2,0
21:14,18,8,2,0,14,2,2,0,11,6,2,0,18,6,2,0
21:15,19,2,1,0,17,5,1,0,16,2,3,0,11,6,1,0
21:16,17,3,3,0,13,1,5,0,12,5,3,0,10,7,3,0
21:17,8,3,0,0,13,5,0,0,22,3,4,0,8,1,1,0
21:18,19,2,1,0,17,2,3,0,24,5,1,0,14,1,5,0
21:19,15,4,2,0,11,2,2,0,13,4,1,0,16,4,4,0
21:20,11,2,7,0,5,1,1,0,15,4,2,0,12,7,3,0
21:21,15,3,1,0,17,2,4,0,20,3,5,0,10,3,1,0
21:22,16,3,2,0,17,4,1,0,21,3,1,0,5,7,4,0
21:23,13,2,3,0,21,1,6,0,17,6,1,0,9,6,0,0
21:24,16,6,1,0,25,5,2,0,11,5,1,0,10,5,1,0
21:25,19,5,0,0,15,3,2,0,14,1,4,0,10,7,1,0
21:26,17,7,1,0,25,3,2,0,7,8,0,0,12,4,1,0
21:27,10,4,6,0,12,2,3,0,14,6,2,0,20,4,5,0
21:28,11,1,4,0,14,3,2,0,31,3,3,0,8,5,0,0
21:29,23,2,1,0,14,5,3,0,20,4,1,0,9,9,4,0
21:30,11,3,1,0,10,2,3,0,11,2,2,0,14,2,0,0
21:31,22,2,1,0,20,5,2,0,9,3,3,0,13,5,6,0
21:32,4,2,4,0,18,3,1,0,14,1,3,0,18,1,3,0
21:33,12,6,3,0,17,3,3,0,11,1,3,0,13,7,3,0
21:34,19,2,2,0,8,2,2,0,18,1,3,0,9,2,1,0
21:35,10,2,1,0,8,5,2,0,8,3,1,0,7,4,4,0
21:36,16,2,0,0,11,5,2,0,16,2,3,0,28,2,0,0
21:37,13,7,3,0,17,5,2,0,7,4,1,0,13,5,0,0
21:38,16,2,1,0,13,5,1,0,14,2,3,0,14,6,1,0
21:39,7,3,3,0,9,2,2,0,28,4,3,0,22,4,1,1
21:40,13,0,2,0,11,0,0,0,17,7,1,0,22,2,5,0
21:41,17,2,2,0,14,5,2,0,18,2,3,0,17,3,3,0
21:42,11,6,0,0,14,6,3,0,22,4,2,0,13,5,2,0
21:43,16,2,1,0,9,7,3,0,12,2,1,0,22,2,4,0
21:44,11,1,3,0,21,1,4,0,18,3,1,0,16,4,6,0
21:45,16,3,0,0,15,2,3,0,22,5,4,0,10,3,2,0
21:46,18,5,1,0,15,3,1,0,8,4,4,0,8,3,2,0
21:47,17,5,4,0,20,5,0,0,20,2,3,0,22,4,1,0
21:48,23,2,7,0,17,2,2,1,13,8,5,0,22,2,0,0
21:49,12,2,0,0,18,5,2,0,10,2,0,0,14,4,1,0
21:50,21,1,1,0,17,2,1,0,6,1,1,0,15,2,3,0
21:51,12,2,5,0,11,4,1,0,13,3,4,0,12,0,4,0
21:52,14,2,2,0,4,9,0,0,14,1,1,0,15,4,9,0
21:53,26,1,2,0,11,10,1,0,17,2,3,0,17,7,0,0
21:54,10,3,4,0,12,2,2,0,21,3,1,0,12,5,2,0
21:55,8,3,0,0,19,3,4,0,15,1,1,0,16,4,2,0
21:56,7,2,0,0,19,7,4,0,17,1,2,0,5,0,2,0
21:57,13,5,4,0,11,0,0,0,26,3,1,0,18,1,3,0
21:58,17,2,3,0,15,4,2,0,18,8,1,0,10,2,6,0
21:59,8,9,2,0,16,2,1,0,15,4,4,0,20,2,2,0
22:00,10,3,3,0,16,4,0,0,9,3,2,0,12,4,2,0
22:01,20,3,1,0,17,1,4,0,19,5,1,0,14,1,1,0
22:02,13,3,5,0,18,5,1,0,13,6,2,0,25,1,4,0
22:03,14,5,0,0,8,1,2,0,8,2,1,0,19,2,0,0
22:04,12,3,1,0,13,2,3,0,16,3,3,0,13,0,2,0
22:05,12,10,3,0,20,6,3,0,14,6,0,0,13,1,0,0
22:06,14,6,1,0,17,2,3,0,12,0,1,0,14,1,4,0
22:07,17,3,5,0,13,2,1,0,17,1,2,0,15,3,1,0
22:08,8,4,2,0,10,1,2,0,20,3,2,0,25,6,1,0
22:09,19,2,7,0,8,2,1,0,17,9,2,0,6,3,2,0
22:10,7,3,2,0,19,7,2,1,11,6,1,0,20,4,2,0
22:11,23,4,2,0,13,0,0,0,22,5,1,0,9,7,4,0
22:12,9,5,3,0,13,3,5,0,8,3,0,0,14,6,2,0
22:13,17,5,0,0,18,5,3,0,15,6,3,0,17,3,1,0
22:14,19,9,0,0,10,9,5,0,14,2,0,0,11,2,0,0
22:15,5,4,0,0,18,5,3,0,12,6,1,0,10,3,3,0
22:16,11,1,2,1,16,1,4,0,14,0,2,0,22,3,0,0
22:17,12,6,2,0,15,6,1,0,9,2,0,0,11,3,3,0
22:18,18,5,3,0,6,0,3,0,10,4,1,0,14,1,3,0
22:19,21,2,2,0,13,7,4,0,8,2,2,0,20,6,1,0
22:20,15,1,1,0,21,2,1,0,12,1,3,0,9,7,3,0
22:21,20,6,4,0,10,2,1,0,16,9,1,0,18,7,0,0
22:22,14,1,4,0,9,1,1,0,20,4,2,0,14,2,2,0
22:23,17,1,4,0,9,1,2,0,11,4,0,0,10,2,4,0
22:24,14,5,2,0,24,2,5,0,22,1,3,0,9,4,1,0
22:25,10,4,2,0,22,8,1,0,13,2,2,0,20,2,4,0
22:26,21,5,4,0,14,2,0,0,16,2,1,0,13,3,1,0
22:27,14,0,2,0,15,4,3,0,6,3,4,0,9,2,1,0
22:28,19,2,1,0,7,2,1,0,15,4,1,0,14,0,1,0
22:29,20,2,0,0,15,3,1,0,6,6,0,0,14,5,3,0
22:30,14,1,1,0,14,3,0,0,14,1,4,0,5,2,2,0
22:31,10,7,4,0,17,4,8,0,20,2,0,0,15,5,1,0
22:32,8,1,3,0,21,2,4,0,11,2,6,0,21,3,5,0
22:33,22,6,1,0,17,2,5,0,8,7,3,0,13,0,1,0
22:34,15,3,1,0,16,4,4,0,22,0,3,0,10,0,3,0
22:35,22,1,0,0,11,3,1,0,13,4,3,0,18,4,3,0
22:36,12,3,1,0,20,5,2,0,14,1,3,0,22,1,0,0
22:37,16,5,3,0,17,4,1,0,16,4,1,0,20,2,3,0
22:38,11,8,1,0,11,5,3,0,21,4,1,0,22,4,3,0
22:39,9,5,0,0,12,5,6,0,18,6,0,0,19,2,3,0
22:40,26,7,3,0,10,1,4,0,21,4,1,0,22,2,1,0
22:41,17,1,4,0,20,4,2,0,12,4,0,0,10,3,3,0
22:42,19,2,4,0,15,5,0,0,13,2,4,0,12,4,0,0
22:43,21,2,2,0,11,9,6,0,13,7,3,0,18,3,1,0
22:44,23,5,4,0,11,2,1,0,22,5,2,0,18,1,0,0
22:45,18,8,4,0,23,3,5,0,25,4,3,0,13,3,2,0
22:46,14,3,3,0,7,5,1,0,23,3,0,0,18,3,1,0
22:47,14,7,1,0,13,2,2,0,17,3,2,0,7,1,1,0
22:48,11,5,1,0,9,8,1,0,7,7,1,0,14,3,1,0
22:49,21,2,3,0,15,3,1,0,16,4,1,0,11,4,4,0
22:50,14,3,2,0,10,1,4,0,14,6,3,0,20,0,4,1
22:51,18,1,2,0,23,2,1,0,13,5,3,0,18,4,5,0
22:52,14,4,3,0,18,7,4,0,12,2,6,0,15,5,1,0
22:53,13,1,1,0,11,1,0,0,12,5,0,0,15,4,3,0
22:54,12,3,4,0,10,3,2,0,16,3,2,0,9,4,4,0
22:55,12,3,1,0,12,5,4,0,15,2,1,0,14,7,2,0
22:56,14,3,1,0,12,2,0,0,15,5,1,0,13,1,1,0
22:57,22,2,2,0,21,1,3,0,11,3,2,0,18,7,1,0
22:58,12,4,3,0,10,2,1,0,10,4,0,0,17,2,0,0
22:59,11,0,4,0,16,2,3,0,24,2,0,0,12,3,7,0
23:00,12,5,2,0,12,6,4,0,9,2,6,0,12,5,4,0
23:01,20,8,4,0,17,3,1,0,12,1,0,0,8,3,4,0
23:02,12,3,0,0,22,3,3,0,20,3,0,0,20,2,0,0
23:03,15,7,2,0,22,2,2,0,10,4,2,0,25,2,3,0
23:04,15,5,1,0,13,3,2,0,25,6,2,0,17,2,1,0
23:05,14,2,1,0,8,5,3,0,7,2,4,0,12,3,0,0
23:06,18,6,4,0,12,2,0,0,15,1,4,0,9,5,2,0
23:07,12,4,3,0,13,3,2,0,10,1,3,0,21,4,1,0
23:08,20,2,1,0,12,4,2,0,7,3,0,0,14,3,3,0
23:09,19,2,1,0,28,3,3,0,20,3,1,0,16,4,3,0
23:10,15,3,1,0,9,5,1,0,15,1,2,0,14,2,2,0
23:11,12,4,1,1,18,2,2,0,20,2,1,0,17,4,2,0
23:12,14,3,2,0,6,1,3,0,13,3,1,0,21,5,0,0
23:13,13,5,3,0,20,6,2,0,10,3,5,0,5,2,2,0
23:14,19,2,1,0,15,3,1,0,15,4,1,0,10,3,2,0
23:15,19,1,2,0,16,2,1,0,12,3,1,0,21,3,2,0
23:16,8,4,6,0,14,2,1,0,14,6,2,0,14,5,2,0
23:17,18,0,0,0,11,4,1,0,19,5,3,1,6,4,0,0
23:18,11,2,2,0,18,5,1,0,14,3,1,0,10,1,3,0
23:19,11,3,2,0,22,2,1,0,16,5,2,0,11,7,3,0
23:20,21,2,3,0,10,4,3,1,23,3,4,0,10,2,1,0
23:21,20,3,3,0,11,1,2,0,15,1,1,0,17,6,4,0
23:22,12,4,0,0,23,3,2,0,10,5,3,0,18,2,1,0
23:23,10,3,1,0,9,3,0,0,13,4,1,0,10,6,2,0
23:24,14,3,0,0,15,3,2,0,22,4,1,0,15,1,0,0
23:25,18,7,4,0,11,2,1,0,17,3,3,0,15,3,5,0
23:26,21,1,1,0,10,3,5,0,16,3,2,0,7,6,5,0
23:27,14,4,1,0,13,4,2,0,18,3,0,0,20,4,1,0
23:28,18,4,1,0,12,4,0,0,23,5,1,0,24,5,0,0
23:29,10,4,3,0,9,5,2,0,11,4,2,0,11,5,0,0
23:30,19,0,0,0,14,1,1,0,19,2,1,0,16,1,0,0
23:31,12,3,2,0,20,10,2,0,17,6,1,0,9,2,0,0
23:32,15,6,0,0,11,7,1,0,11,1,1,1,14,2,6,0
23:33,9,2,1,0,21,4,1,0,13,5,0,0,18,2,3,0
23:34,16,2,0,0,12,6,2,0,22,5,4,0,8,3,0,0
23:35,12,0,2,0,12,2,0,0,11,4,1,0,15,1,1,0
23:36,14,7,2,0,14,5,4,0,19,2,2,0,9,2,1,0
23:37,22,2,1,0,14,2,0,0,12,1,4,0,15,3,1,0
23:38,13,4,2,0,20,4,2,1,22,2,2,0,17,4,2,0
23:39,12,2,4,0,14,2,2,0,11,3,3,0,11,4,3,0
23:40,3,4,2,0,3,3,2,0,7,5,0,0,17,7,2,0
23:41,8,4,1,0,15,2,5,0,24,5,0,0,10,3,1,0
23:42,19,2,2,1,6,2,0,0,15,2,2,0,14,0,3,0
23:43,19,2,1,0,31,4,3,0,16,8,4,0,16,2,1,0
23:44,18,1,0,0,14,1,1,0,15,1,0,0,11,4,0,0
23:45,17,5,2,0,9,2,3,0,12,2,2,0,17,10,2,0
23:46,14,4,2,0,13,3,3,0,20,2,0,0,16,2,2,0
23:47,18,4,2,0,11,3,0,0,9,6,1,0,16,5,4,0
23:48,19,2,0,0,13,4,1,0,16,5,1,0,7,3,1,0
23:49,22,2,1,0,22,1,2,0,12,5,3,0,13,8,0,0
23:50,10,3,2,0,9,5,3,0,14,3,4,0,17,3,2,0
23:51,12,2,3,0,15,2,3,0,23,3,1,0,11,1,2,0
23:52,18,3,1,0,11,5,0,0,14,7,3,0,15,3,2,0
23:53,19,7,3,0,17,4,4,0,14,4,0,0,12,1,0,0
23:54,22,0,3,0,18,3,3,0,12,3,3,0,16,2,3,0
23:55,11,4,0,0,16,6,1,0,13,7,1,0,13,5,2,0
23:56,15,2,1,0,15,4,4,0,17,6,4,0,10,3,2,0
23:57,17,3,4,0,4,2,2,0,10,4,1,0,13,4,2,0
23:58,16,5,0,0,17,3,3,0,13,4,0,0,22,7,2,0
23:59,7,4,3,0,15,7,3,0,16,2,0,0,22,5,0,0
